Date,Open,High,Low,Close,VWAP
2015-01-02,207.84,208.32,205.64,206.73,206.76772
2015-01-05,205.62,205.79,202.76,203.1,203.733195
2015-01-06,203.51,204.12,200.25,201.27,202.047453
2015-01-07,202.84,204.14,202.3,203.76,203.357253
2015-01-08,205.45,207.5899,205.43,207.4,206.872262
2015-01-09,207.84,207.85,204.9446,205.65,205.945671
2015-01-12,205.85,206.03,203.3501,204.09,204.14038
2015-01-13,205.56,206.91,201.95,203.56,204.368867
2015-01-14,201.05,202.49,199.97,202.33,201.502973
2015-01-15,203.03,203.42,200.28,200.43,201.346744
2015-01-16,200.18,203.23,199.9453,203.0,201.59561
2015-01-20,203.79,204.12,201.59,203.5,202.790873
2015-01-21,202.92,205.07,202.37,204.5,204.046485
2015-01-22,205.44,207.71,203.76,207.5,206.158088
2015-01-23,207.2,207.54,206.24,206.39,206.990404
2015-01-26,206.18,207.01,205.29,206.94,206.439185
2015-01-27,204.44,205.55,203.15,204.16,204.231897
2015-01-28,205.63,205.72,201.33,201.52,203.849458
2015-01-29,201.73,203.72,200.08,203.45,201.600292
2015-01-30,201.99,203.58,200.54,200.87,202.06364
2015-02-02,201.48,203.43,199.27,203.31,201.310142
2015-02-03,204.42,206.29,204.0,206.2,205.077584
2015-02-04,205.39,206.82,204.96,205.47,205.821383
2015-02-05,206.32,207.744,206.23,207.62,207.138766
2015-02-06,208.02,208.72,206.4,206.95,207.804887
2015-02-09,206.21,207.09,205.58,206.06,206.407405
2015-02-10,207.33,208.57,206.26,208.29,207.359823
2015-02-11,208.07,208.8934,207.27,208.39,208.084255
2015-02-12,209.38,210.45,209.15,210.33,209.966967
2015-02-13,210.51,211.31,210.24,211.28,210.838962
2015-02-17,210.89,211.8,210.59,211.66,211.24624
2015-02-18,211.13,211.7,210.82,211.62,211.262191
2015-02-19,210.92,211.9,210.72,211.45,211.380705
2015-02-20,210.94,212.8,210.232,212.74,211.551995
2015-02-23,212.44,212.71,211.97,212.67,212.357643
2015-02-24,212.62,213.5499,212.27,213.31,213.045983
2015-02-25,213.16,213.74,212.73,213.15,213.242974
2015-02-26,213.06,213.19,212.16,212.91,212.769137
2015-02-27,212.77,213.085,212.15,212.21,212.5589
2015-03-02,212.27,213.56,212.25,213.56,213.209819
2015-03-03,212.97,213.0736,211.57,212.6,212.355337
2015-03-04,211.91,211.97,210.55,211.71,211.452128
2015-03-05,212.11,212.28,211.35,211.93,211.912154
2015-03-06,210.9,211.42,208.56,208.98,209.801466
2015-03-09,209.18,210.24,209.1,209.85,209.723026
2015-03-10,208.17,208.23,206.4,206.4214,207.195684
2015-03-11,206.74,206.94,205.83,205.98,206.418929
2015-03-12,206.7,208.63,206.63,208.55,208.025052
2015-03-13,208.2,208.391,206.01,207.27,207.013532
2015-03-16,208.17,210.15,208.14,210.14,209.447594
2015-03-17,209.21,209.8878,208.45,209.43,209.205347
2015-03-18,208.87,212.76,208.08,211.9,210.489733
2015-03-19,211.45,211.78,210.52,210.99,211.061939
2015-03-20,212.12,213.45,212.04,212.85,212.825335
2015-03-23,212.86,213.53,212.44,212.5,213.059722
2015-03-24,212.22,212.82,211.15,211.17,211.985849
2015-03-25,210.47,210.77,207.11,207.19,208.32978
2015-03-26,206.35,207.74,205.5,206.68,206.63494
2015-03-27,206.53,207.33,206.29,207.1,206.95193
2015-03-30,208.35,209.99,208.35,209.62,209.4415
2015-03-31,208.64,209.4889,207.76,207.83,208.536654
2015-04-01,207.77,207.78,205.88,207.18,206.657196
2015-04-02,207.0,208.35,206.76,207.76,207.690476
2015-04-06,206.76,209.85,206.59,209.28,209.017492
2015-04-07,209.23,210.15,208.65,208.66,209.568271
2015-04-08,208.97,209.89,208.46,209.41,209.260045
2015-04-09,209.2,210.57,208.6,210.33,209.700637
2015-04-10,210.59,211.49,210.37,211.43,211.095628
2015-04-13,211.31,212.03,210.46,210.46,211.217176
2015-04-14,210.27,211.11,209.49,210.83,210.530776
2015-04-15,211.48,212.45,211.35,211.91,212.036664
2015-04-16,211.46,212.38,211.21,211.81,211.829047
2015-04-17,210.37,210.62,208.4,209.36,209.536359
2015-04-20,210.48,211.65,210.38,211.28,211.264784
2015-04-21,212.1,212.26,210.66,211.06,211.270461
2015-04-22,211.44,212.26,210.32,212.08,211.550038
2015-04-23,211.58,213.37,211.45,212.61,212.656226
2015-04-24,213.07,213.39,212.52,213.08,213.010424
2015-04-27,213.77,213.88,211.95,212.24,212.842706
2015-04-28,212.16,212.92,210.75,212.82,212.398878
2015-04-29,211.75,212.7099,211.03,211.99,211.978274
2015-04-30,211.3,211.76,209.02,209.85,210.384111
2015-05-01,210.81,212.19,210.7,212.12,211.438226
2015-05-04,212.65,213.42,212.53,212.8,212.991953
2015-05-05,212.43,212.85,210.13,210.34,211.147788
2015-05-06,210.94,211.33,208.145,209.47,209.395064
2015-05-07,209.31,210.76,208.92,210.29,210.178704
2015-05-08,212.28,213.28,212.22,213.03,212.925641
2015-05-11,213.0,213.3,211.94,212.0,212.6601
2015-05-12,211.0,212.04,210.02,211.35,211.171827
2015-05-13,211.92,212.64,211.14,211.43,211.70381
2015-05-14,212.7,213.75,212.34,213.69,213.24915
2015-05-15,213.89,214.03,213.3,213.91,213.642381
2015-05-18,213.7,214.86,213.62,214.54,214.376591
2015-05-19,214.7,215.0001,214.12,214.5,214.533829
2015-05-20,214.59,215.23,213.95,214.29,214.470078
2015-05-21,214.17,215.18,213.95,214.91,214.832884
2015-05-22,214.47,214.98,214.35,214.46,214.661797
2015-05-26,213.84,213.9399,211.63,212.13,212.318933
2015-05-27,212.7,214.42,212.28,214.16,213.669646
2015-05-28,213.77,214.03,213.0501,213.88,213.573378
2015-05-29,213.8,213.86,212.25,212.58,212.902779
2015-06-01,213.35,213.7699,212.05,212.95,213.040475
2015-06-02,212.45,213.6,211.68,212.78,212.776519
2015-06-03,213.39,214.1,212.76,213.38,213.449792
2015-06-04,212.49,213.19,211.16,211.66,211.742465
2015-06-05,211.3,211.9803,210.3818,211.19,211.289505
2015-06-08,211.05,211.2,209.78,209.89,210.400849
2015-06-09,209.91,210.47,209.1,209.82,209.966574
2015-06-10,210.94,212.82,210.66,212.31,212.245549
2015-06-11,212.93,213.5,212.64,213.09,213.02788
2015-06-12,212.08,212.23,211.1,211.41,211.493154
2015-06-15,209.97,210.85,209.19,210.53,210.244148
2015-06-16,210.32,211.75,210.13,211.7,211.111313
2015-06-17,212.01,212.721,210.7701,211.99,211.861415
2015-06-18,212.71,214.76,212.56,214.12,214.05921
2015-06-19,213.97,214.0199,212.8,212.8,213.321956
2015-06-22,214.4,215.07,214.12,128.74,214.532716
2015-06-23,214.63,214.91,214.05,214.47,214.492891
2015-06-24,212.97,213.45,211.75,211.78,212.483357
2015-06-25,212.42,212.53,211.058,211.11,211.775995
2015-06-26,211.58,211.84,210.45,211.17,211.202439
2015-06-29,209.31,210.082,206.59,206.73,208.132304
2015-06-30,208.5,208.5145,206.55,207.22,207.808433
2015-07-01,209.08,209.32,207.86,208.84,208.572445
2015-07-02,209.34,209.57,208.1,208.59,208.695828
2015-07-06,207.02,208.94,206.815,208.04,207.746044
2015-07-07,208.24,209.46,205.37,209.32,207.680385
2015-07-08,207.7,208.05,205.52,205.79,206.544229
2015-07-09,208.36,208.63,206.08,206.16,207.189969
2015-07-10,208.6,209.2499,207.77,208.79,208.620291
2015-07-13,210.28,211.2,210.25,211.09,210.762329
2015-07-14,210.98,212.34,210.96,211.97,211.791892
2015-07-15,212.04,212.58,211.36,211.89,212.029496
2015-07-16,213.19,213.61,212.9,213.55,213.280671
2015-07-17,213.6,213.85,213.12,213.78,213.456194
2015-07-20,214.03,214.46,213.54,213.87,213.968021
2015-07-21,213.69,214.0009,212.69,213.03,213.216535
2015-07-22,212.2,213.05,212.18,212.62,212.567974
2015-07-23,212.83,212.91,211.04,211.47,211.893078
2015-07-24,211.56,211.64,208.86,209.25,210.067
2015-07-27,208.18,208.8,207.51,207.99,208.06026
2015-07-28,209.06,210.76,208.07,210.58,209.413604
2015-07-29,210.77,212.31,210.574,211.99,211.606128
2015-07-30,211.43,212.29,210.7,212.06,211.672802
2015-07-31,212.74,212.74,211.44,211.76,211.981385
2015-08-03,211.7,211.8,209.93,211.04,210.789299
2015-08-04,211.0,211.5,210.07,210.62,210.737444
2015-08-05,211.74,212.58,211.0,211.39,211.694754
2015-08-06,211.52,211.69,208.9,209.69,209.754869
2015-08-07,209.43,209.57,208.1377,209.18,208.816923
2015-08-10,210.56,211.93,210.56,211.83,211.480194
2015-08-11,210.23,210.7103,209.02,209.92,209.754313
2015-08-12,208.35,210.39,206.63,210.12,208.390177
2015-08-13,210.0,210.806,209.28,209.91,210.171122
2015-08-14,209.7,210.76,209.52,210.63,210.217316
2015-08-17,209.94,211.87,209.4,211.87,211.076053
2015-08-18,211.56,211.94,210.9675,211.27,211.369161
2015-08-19,210.38,211.28,208.6,209.57,209.682111
2015-08-20,207.79,208.39,205.12,205.12,206.698605
2015-08-21,203.0,204.12,198.69,198.79,201.399998
2015-08-24,188.51,196.96,147.21,190.52,191.151908
2015-08-25,196.51,196.94,188.04,188.04,193.455022
2015-08-26,193.24,195.88,189.47,195.84,192.452934
2015-08-27,198.25,200.56,196.34,200.49,198.744454
2015-08-28,199.66,200.99,199.09,200.36,200.000968
2015-08-31,199.35,200.29,198.18,198.7,199.146635
2015-09-01,194.28,195.88,191.83,192.73,194.013286
2015-09-02,195.78,196.59,193.535,196.54,194.8316
2015-09-03,197.4,199.21,196.08,196.71,197.314444
2015-09-04,194.01,194.95,192.71,193.66,193.81501
2015-09-08,197.06,198.75,196.31,198.585,197.293135
2015-09-09,200.44,200.63,195.46,195.91,198.156609
2015-09-10,195.69,198.37,195.38,196.96,196.880065
2015-09-11,196.44,197.95,195.66,197.92,196.77797
2015-09-14,198.06,198.15,196.56,197.15,197.081174
2015-09-15,197.83,200.15,197.23,199.62,199.115118
2015-09-16,199.92,201.59,199.6,201.41,200.767467
2015-09-17,201.15,204.05,200.49,200.9,201.848618
2015-09-18,198.0,199.7499,197.15,197.55,198.215676
2015-09-21,198.62,199.87,197.4,198.59,198.502945
2015-09-22,195.98,196.6399,194.74,196.09,195.608961
2015-09-23,196.26,196.83,195.08,195.76,195.833002
2015-09-24,194.32,195.59,192.69,195.06,194.140287
2015-09-25,195.8,196.09,192.88,193.85,194.668236
2015-09-28,192.85,192.9525,188.71,189.01,190.293346
2015-09-29,189.3,190.77,187.97,189.04,189.225313
2015-09-30,191.49,192.88,190.49,192.71,191.982593
2015-10-01,193.14,193.53,190.88,193.24,192.315938
2015-10-02,190.8,196.07,190.19,196.07,193.17517
2015-10-05,197.54,199.84,197.43,199.62,198.884412
2015-10-06,199.42,200.08,198.09,198.87,199.028304
2015-10-07,200.05,200.93,198.59,200.51,199.80629
2015-10-08,199.98,202.67,199.7,202.35,201.053164
2015-10-09,202.63,203.03,201.725,202.5,202.339969
2015-10-12,202.55,202.87,202.04,202.68,202.545492
2015-10-13,201.76,203.28,201.18,201.37,202.264902
2015-10-14,201.32,202.0,200.07,200.36,200.771364
2015-10-15,201.27,203.47,200.76,203.43,202.182499
2015-10-16,203.95,204.41,203.05,204.33,203.820253
2015-10-19,203.66,204.51,203.28,204.49,203.979875
2015-10-20,204.05,204.98,203.7,204.19,204.269851
2015-10-21,204.8,205.02,202.78,203.0,203.828223
2015-10-22,204.15,206.65,203.96,206.34,205.738795
2015-10-23,208.47,209.11,207.47,208.66,208.375702
2015-10-26,208.49,208.525,207.75,208.18,208.185745
2015-10-27,207.33,208.17,206.95,207.78,207.483992
2015-10-28,208.19,210.14,207.39,210.11,208.884361
2015-10-29,209.54,210.44,209.39,210.0,209.97786
2015-10-30,210.26,210.61,208.93,209.05,209.832603
2015-11-02,209.52,211.81,209.37,211.6,210.821053
2015-11-03,211.14,212.87,210.91,212.13,212.108951
2015-11-04,212.51,212.69,210.94,211.58,211.659786
2015-11-05,211.65,212.2,210.28,211.32,211.197665
2015-11-06,210.93,211.51,209.66,211.24,210.647052
2015-11-09,210.48,210.62,208.13,209.21,209.015744
2015-11-10,208.69,209.78,208.36,209.72,209.103209
2015-11-11,210.08,210.11,208.84,208.91,209.379875
2015-11-12,207.65,208.22,205.97,205.97,207.073349
2015-11-13,205.46,205.82,203.57,203.67,204.517952
2015-11-16,203.41,206.82,203.31,206.82,205.058854
2015-11-17,207.14,208.2,206.04,206.55,207.193985
2015-11-18,207.2,210.09,207.17,209.87,208.613083
2015-11-19,209.79,210.24,209.4,209.67,209.815003
2015-11-20,210.66,211.32,210.06,210.62,210.744592
2015-11-23,210.48,211.17,209.71,210.22,210.545473
2015-11-24,208.96,211.01,208.61,210.52,210.116701
2015-11-25,210.73,210.93,210.246,210.53,210.667005
2015-11-27,210.6,210.99,210.06,210.71,210.630603
2015-11-30,211.0,211.08,209.75,209.87,210.16322
2015-12-01,210.64,212.03,210.31,211.93,211.146746
2015-12-02,211.84,212.2,209.41,209.74,210.807672
2015-12-03,210.03,210.34,205.91,206.76,207.887737
2015-12-04,207.25,211.17,207.09,210.8,209.615476
2015-12-07,210.4,210.4499,208.37,209.5,209.144863
2015-12-08,207.67,209.2,206.94,208.13,208.005916
2015-12-09,207.38,209.85,205.36,206.49,207.274206
2015-12-10,206.61,208.58,206.3,207.01,207.408089
2015-12-11,204.59,205.26,202.63,202.89,203.756754
2015-12-14,203.22,204.18,201.1,204.18,202.845512
2015-12-15,205.87,207.25,205.68,206.19,206.478775
2015-12-16,207.62,209.5799,205.92,209.17,207.653008
2015-12-17,209.59,209.68,206.0,206.08,207.569793
2015-12-18,205.13,205.23,202.14,202.22,203.666557
2015-12-21,203.83,204.23,202.43,203.96,203.264786
2015-12-22,205.04,206.23,203.91,205.85,205.202104
2015-12-23,207.08,208.46,206.94,208.44,207.899028
2015-12-24,206.98,207.54,206.6428,206.83,207.020056
2015-12-28,206.09,206.45,205.15,206.34,205.85025
2015-12-29,207.56,208.8,207.5,208.51,208.16598
2015-12-30,208.13,208.21,206.78,206.97,207.688639
2015-12-31,206.21,206.9,204.87,204.87,205.749608
2016-01-04,201.47,202.01,199.59,202.0,200.706699
2016-01-05,202.31,202.88,201.035,202.42,201.988317
2016-01-06,199.36,201.02,198.57,199.77,199.806024
2016-01-07,196.3,198.4,194.57,194.99,195.874668
2016-01-08,196.135,196.8117,192.52,192.83,194.760511
2016-01-11,193.95,194.33,190.78,193.03,192.526948
2016-01-12,194.85,195.5,192.08,194.52,193.724393
2016-01-13,195.35,195.81,189.3,189.79,192.012571
2016-01-14,190.48,194.2,188.57,192.8,192.060965
2016-01-15,187.64,189.69,186.46,188.74,188.285699
2016-01-19,190.8,191.01,187.1201,188.84,189.184835
2016-01-20,185.93,188.41,181.9001,186.65,185.051087
2016-01-21,187.11,189.79,185.58,187.62,188.273159
2016-01-22,190.71,191.67,189.82,191.49,190.89996
2016-01-25,190.86,191.08,188.34,188.57,189.793064
2016-01-26,189.36,191.44,188.94,191.13,190.606556
2016-01-27,190.61,192.5,187.98,189.08,190.432786
2016-01-28,190.9,191.1,188.08,190.11,190.019588
2016-01-29,190.94,194.69,190.82,194.62,193.433431
2016-02-01,193.47,195.5301,192.795,194.6,194.198694
2016-02-02,192.94,192.94,190.475,191.09,191.664491
2016-02-03,192.39,192.72,188.0453,192.11,190.542085
2016-02-04,191.71,193.69,190.93,192.53,192.207373
2016-02-05,191.96,192.02,188.14,188.85,189.441886
2016-02-08,186.68,187.0015,183.72,186.31,187.08433
2016-02-09,184.21,187.87,184.11,186.24,185.92297
2016-02-10,187.3,189.236,186.04,186.15,187.564908
2016-02-11,183.18,184.96,182.02,183.83,183.562973
2016-02-12,185.84,187.58,184.87,187.55,186.629579
2016-02-16,189.76,190.736,188.56,190.67,190.008521
2016-02-17,192.12,194.28,191.97,193.83,193.543814
2016-02-18,194.2,194.2499,192.69,193.05,193.311264
2016-02-19,192.13,193.14,191.42,192.93,192.542456
2016-02-22,194.85,195.93,194.79,195.72,195.460008
2016-02-23,195.02,195.28,193.16,193.34,193.866853
2016-02-24,191.59,194.5,190.27,194.22,192.384787
2016-02-25,194.71,196.56,193.82,196.5,195.205697
2016-02-26,197.58,197.68,195.8901,196.15,196.867914
2016-02-29,196.14,197.246,194.42,194.51,195.817456
2016-03-01,196.02,199.21,195.47,199.19,197.893884
2016-03-02,198.72,200.09,198.28,200.07,199.24254
2016-03-03,199.79,200.83,199.14,200.78,200.004252
2016-03-04,201.08,202.4,200.1,201.48,201.331035
2016-03-07,200.41,202.12,200.29,201.68,201.210995
2016-03-08,200.365,200.96,199.25,199.38,200.085406
2016-03-09,200.39,200.8,199.4501,200.41,200.209949
2016-03-10,201.0,202.11,198.46,200.52,200.051371
2016-03-11,202.32,203.88,202.2,203.84,203.138746
2016-03-14,203.25,204.13,202.85,203.56,203.579836
2016-03-15,202.44,203.28,202.12,203.22,202.808642
2016-03-16,202.64,204.9,202.59,204.52,203.834285
2016-03-17,204.35,206.33,203.86,205.81,205.515218
2016-03-18,206.38,206.94,205.96,206.57,206.51086
2016-03-21,206.25,207.11,205.96,206.87,206.684057
2016-03-22,205.92,207.4,205.73,206.75,206.811831
2016-03-23,205.13,205.36,204.05,204.3,204.697828
2016-03-24,203.05,204.2,202.77,204.18,203.464241
2016-03-28,204.67,204.88,203.75,204.31,204.377126
2016-03-29,203.81,206.26,203.43,206.26,205.043212
2016-03-30,207.33,207.91,206.65,207.13,207.289144
2016-03-31,206.96,207.45,206.38,206.65,206.912521
2016-04-01,205.41,208.2,205.05,207.97,206.578102
2016-04-04,207.92,208.125,206.95,207.29,207.415424
2016-04-05,205.75,206.27,204.93,205.26,205.531434
2016-04-06,205.34,207.54,205.02,207.48,206.543641
2016-04-07,206.22,206.59,204.13,204.97,205.049671
2016-04-08,206.38,206.88,204.92,205.58,205.926071
2016-04-11,206.3,207.11,204.95,205.0,206.034976
2016-04-12,205.27,207.32,204.75,207.02,206.385704
2016-04-13,208.05,209.16,207.91,209.1,208.638062
2016-04-14,209.14,209.66,208.68,209.12,209.170428
2016-04-15,209.12,209.17,208.4776,208.79,208.871117
2016-04-18,208.2,210.35,208.07,210.31,209.903618
2016-04-19,210.81,211.2799,210.02,210.95,210.747612
2016-04-20,211.03,212.0,210.48,211.11,211.369791
2016-04-21,211.21,211.33,209.73,210.06,210.471423
2016-04-22,209.64,210.35,209.0,210.03,209.661392
2016-04-25,209.37,209.69,208.61,209.66,209.190449
2016-04-26,210.13,210.5999,209.45,210.01,209.921882
2016-04-27,209.51,210.9,209.14,210.4,210.008226
2016-04-28,209.55,210.85,208.03,208.58,209.693227
2016-04-29,207.81,208.19,206.1,207.46,206.993026
2016-05-02,208.01,209.26,207.48,209.08,208.443286
2016-05-03,207.55,207.8571,206.3599,207.25,207.120429
2016-05-04,206.05,206.89,205.48,206.07,206.0551
2016-05-05,206.59,207.01,205.51,206.01,206.20875
2016-05-06,205.13,206.81,204.94,206.81,205.92681
2016-05-09,206.63,207.43,206.43,207.01,206.952722
2016-05-10,207.79,209.54,207.72,209.52,208.836321
2016-05-11,208.98,209.4,207.57,207.57,208.355731
2016-05-12,208.36,208.55,206.44,207.67,207.427715
2016-05-13,207.25,207.91,205.44,205.75,206.696963
2016-05-16,206.0,208.41,205.95,207.83,207.55448
2016-05-17,207.52,207.87,205.2864,206.0,206.360869
2016-05-18,205.48,207.35,204.69,206.02,206.071471
2016-05-19,205.08,205.58,203.8,205.29,204.671937
2016-05-20,205.99,207.16,205.9,206.54,206.631662
2016-05-23,206.55,206.9,206.04,206.26,206.446247
2016-05-24,207.25,209.32,207.2,208.94,208.689658
2016-05-25,209.75,210.85,209.71,210.35,210.472515
2016-05-26,210.56,210.81,210.05,210.43,210.439573
2016-05-27,210.61,211.31,210.56,211.3,211.001303
2016-05-31,211.66,211.8,210.27,210.97,211.048107
2016-06-01,210.25,211.58,209.99,211.37,211.00781
2016-06-02,210.91,212.06,210.33,212.06,211.286271
2016-06-03,211.34,211.8,209.98,211.35,211.035641
2016-06-06,211.82,212.88,211.62,212.52,212.365555
2016-06-07,212.66,213.46,212.62,212.77,213.089157
2016-06-08,212.94,213.64,212.81,213.45,213.319241
2016-06-09,212.62,213.35,212.32,213.2,212.784763
2016-06-10,211.58,211.97,210.54,211.19,211.193818
2016-06-13,210.48,211.48,209.44,209.52,210.372265
2016-06-14,209.12,209.8299,208.0,209.14,208.899775
2016-06-15,209.63,210.44,208.6,208.77,209.5961
2016-06-16,207.81,209.66,206.65,209.45,208.197258
2016-06-17,209.32,209.38,207.9,208.66,208.719467
2016-06-20,210.99,211.79,209.91,210.04,210.795694
2016-06-21,209.47,210.07,208.96,209.62,209.559419
2016-06-22,209.82,210.69,209.11,209.27,209.741801
2016-06-23,210.99,212.02,210.46,212.0,211.166096
2016-06-24,204.83,208.06,203.88,204.49,205.638602
2016-06-27,202.75,202.77,199.79,200.63,200.944333
2016-06-28,202.64,204.38,202.265,204.38,203.095576
2016-06-29,206.01,208.1,205.89,207.8,207.203704
2016-06-30,208.41,210.72,207.74,210.5,209.501242
2016-07-01,210.55,211.691,210.54,211.13,211.188139
2016-07-05,210.14,210.27,208.9,209.64,209.490427
2016-07-06,209.02,210.99,208.25,210.84,209.943061
2016-07-07,211.07,211.84,209.84,210.66,210.77981
2016-07-08,212.24,214.15,212.0,213.86,213.391084
2016-07-11,214.42,215.28,214.1795,214.67,214.905047
2016-07-12,215.77,216.53,215.49,216.18,216.186092
2016-07-13,216.67,216.695,215.59,216.16,216.157462
2016-07-14,217.63,217.91,216.9,217.35,217.470856
2016-07-15,218.02,218.05,216.54,217.03,217.165585
2016-07-18,217.17,217.86,216.9,217.63,217.603917
2016-07-19,217.18,217.46,216.88,217.39,217.168179
2016-07-20,217.99,218.6,217.47,218.31,218.311106
2016-07-21,218.19,218.47,216.99,217.52,217.655226
2016-07-22,217.65,218.56,217.35,218.47,218.239307
2016-07-25,218.24,218.31,217.22,217.91,217.638107
2016-07-26,217.82,218.42,217.001,218.0,217.70542
2016-07-27,218.42,218.51,216.88,217.78,217.744151
2016-07-28,217.52,218.37,217.0,218.04,217.73499
2016-07-29,217.72,218.79,217.38,218.37,218.375489
2016-08-01,218.47,218.9,217.65,218.12,218.103847
2016-08-02,217.91,218.07,215.811,216.83,216.648515
2016-08-03,216.73,217.48,216.39,217.47,217.059712
2016-08-04,217.56,218.02,217.07,217.67,217.587197
2016-08-05,218.51,219.48,218.33,219.4,219.234973
2016-08-08,219.66,219.7799,219.0,219.28,219.313684
2016-08-09,219.42,220.01,219.0576,219.42,219.541663
2016-08-10,219.6,219.67,218.47,218.88,218.90955
2016-08-11,219.54,220.2,219.21,219.89,219.900459
2016-08-12,219.56,219.97,219.26,219.71,219.614383
2016-08-15,220.15,220.76,220.15,220.37,220.558292
2016-08-16,219.86,219.93,219.23,219.25,219.587919
2016-08-17,219.27,219.79,218.28,219.65,218.991072
2016-08-18,219.6,220.16,219.48,220.16,219.875269
2016-08-19,219.59,220.01,219.0,219.82,219.67252
2016-08-22,219.55,220.055,219.09,219.75,219.587215
2016-08-23,220.51,220.88,220.16,220.21,220.515734
2016-08-24,220.06,220.17,218.64,219.17,219.530292
2016-08-25,218.66,219.45,218.48,218.95,218.928865
2016-08-26,219.16,220.39,217.5,218.56,218.763793
2016-08-29,218.71,219.91,218.64,219.6,219.560112
2016-08-30,219.55,219.8248,218.61,219.26,219.125324
2016-08-31,218.89,219.01,217.73,218.65,218.423503
2016-09-01,218.64,218.99,217.28,218.67,218.221355
2016-09-02,219.7,220.14,218.98,219.63,219.607805
2016-09-06,219.95,220.37,219.12,220.37,219.869333
2016-09-07,220.12,220.48,219.58,220.33,220.07618
2016-09-08,219.89,220.22,219.43,219.81,219.79512
2016-09-09,218.27,218.28,214.48,214.54,216.430791
2016-09-12,213.59,218.0592,213.54,217.63,216.049197
2016-09-13,216.05,216.3699,213.75,214.47,214.880879
2016-09-14,214.53,215.93,213.71,214.35,214.661466
2016-09-15,214.14,216.9699,213.96,216.52,215.82378
2016-09-16,215.78,216.0,214.87,215.62,215.42731
2016-09-19,216.49,217.21,215.34,215.73,216.311369
2016-09-20,216.71,216.91,215.69,215.75,216.231049
2016-09-21,216.55,218.36,215.76,218.16,216.844823
2016-09-22,219.36,219.88,219.0601,219.5,219.548093
2016-09-23,219.06,219.21,218.23,218.35,218.756802
2016-09-26,216.25,216.46,215.24,215.45,215.723168
2016-09-27,215.26,216.9,214.84,216.76,216.250151
2016-09-28,217.07,218.03,215.95,217.9,217.110441
2016-09-29,217.64,218.1,215.28,215.94,216.678555
2016-09-30,216.88,218.35,216.6,217.56,217.654258
2016-10-03,217.03,217.27,216.26,216.89,216.775051
2016-10-04,217.16,217.4,215.23,215.94,216.250172
2016-10-05,216.61,217.35,216.56,216.89,217.009807
2016-10-06,216.59,217.26,215.96,217.1,216.771452
2016-10-07,217.33,217.58,215.4,216.25,216.807999
2016-10-10,217.37,217.93,217.22,217.34,217.59987
2016-10-11,216.88,216.95,213.79,214.66,214.950531
2016-10-12,214.82,215.53,214.226,214.93,214.940372
2016-10-13,213.35,214.81,212.4133,214.27,213.725302
2016-10-14,215.39,215.91,214.25,214.29,214.99554
2016-10-17,214.29,214.595,213.39,213.58,213.855665
2016-10-18,215.45,215.5,214.49,214.9,215.08805
2016-10-19,215.2,215.85,214.82,215.43,215.458811
2016-10-20,215.1,215.75,214.33,215.06,215.136983
2016-10-21,214.19,215.3,213.99,215.16,214.810227
2016-10-24,216.23,216.53,215.7016,216.11,216.102348
2016-10-25,215.9,216.2,215.21,215.42,215.532887
2016-10-26,214.42,215.64,214.16,214.97,214.978635
2016-10-27,215.81,215.83,214.3,214.38,214.88986
2016-10-28,214.33,215.14,212.93,213.75,214.058649
2016-10-31,214.16,214.39,213.57,213.69,213.859034
2016-11-01,214.13,214.18,210.79,212.23,212.363718
2016-11-02,211.87,212.29,210.41,210.9,211.314282
2016-11-03,211.17,211.41,209.64,210.02,210.586398
2016-11-04,210.09,211.07,209.57,209.67,210.431081
2016-11-07,212.65,214.39,212.49,214.32,213.730932
2016-11-08,213.92,216.0,213.6,215.31,214.990154
2016-11-09,213.51,218.34,213.47,217.69,216.147856
2016-11-10,218.58,219.55,216.45,218.12,217.962227
2016-11-11,217.32,217.92,216.55,217.73,217.384348
2016-11-14,218.37,218.5,216.9499,217.79,217.754196
2016-11-15,218.29,219.52,218.02,219.52,218.710083
2016-11-16,218.78,219.38,218.67,219.24,219.081626
2016-11-17,219.32,220.31,219.17,220.23,219.874654
2016-11-18,220.31,220.52,219.53,219.79,219.861373
2016-11-21,220.42,221.4399,220.26,221.39,221.027884
2016-11-22,221.8,222.05,220.99,221.76,221.543824
2016-11-23,221.25,222.03,221.01,222.0,221.506478
2016-11-25,222.36,222.82,222.29,222.81,222.569414
2016-11-28,222.43,222.75,221.63,221.83,222.20164
2016-11-29,221.81,222.72,221.43,222.19,222.256919
2016-11-30,222.94,223.1,221.53,221.53,222.257319
2016-12-01,221.97,221.98,220.42,220.73,221.09436
2016-12-02,220.93,221.5,220.52,220.91,220.930985
2016-12-05,221.94,222.67,221.6974,222.19,222.182817
2016-12-06,222.51,223.0185,221.93,222.99,222.54682
2016-12-07,222.83,225.97,222.66,225.87,224.271819
2016-12-08,225.9,227.0066,225.56,226.41,226.293496
2016-12-09,226.72,227.85,226.69,227.85,227.276943
2016-12-12,227.74,228.29,227.09,227.57,227.535467
2016-12-13,228.38,229.69,228.34,229.05,229.049689
2016-12-14,228.74,229.59,226.691,227.32,228.126664
2016-12-15,227.5,229.16,227.342,228.08,228.38864
2016-12-16,228.67,228.74,227.33,227.73,227.891106
2016-12-19,227.91,228.68,227.76,228.15,228.266198
2016-12-20,228.82,229.24,228.545,229.05,228.890709
2016-12-21,227.67,227.83,227.14,227.18,227.441321
2016-12-22,226.97,227.1,226.293,226.85,226.684064
2016-12-23,226.82,227.08,226.58,227.0,226.830143
2016-12-27,227.39,228.1,227.39,227.64,227.789849
2016-12-28,227.95,227.95,225.64,225.77,226.378013
2016-12-29,225.85,226.25,225.21,225.75,225.728544
2016-12-30,226.13,226.2,224.09,224.99,224.878413
2017-01-03,226.4,227.1999,225.24,226.58,226.109917
2017-01-04,226.96,228.11,226.95,227.95,227.652962
2017-01-05,227.63,227.96,226.85,227.74,227.481359
2017-01-06,227.91,229.13,227.28,228.64,228.394982
2017-01-09,228.27,228.47,227.81,227.9,228.099737
2017-01-10,227.83,228.8203,227.38,227.8,228.152489
2017-01-11,227.76,228.43,226.96,228.41,227.827991
2017-01-12,227.88,228.14,226.32,227.97,227.438315
2017-01-13,228.13,228.79,228.07,228.39,228.403404
2017-01-17,227.71,228.165,227.19,227.64,227.711151
2017-01-18,227.95,228.17,227.29,228.08,227.790652
2017-01-19,228.21,228.4,226.79,227.35,227.510263
2017-01-20,228.08,228.69,227.44,228.1,228.011406
2017-01-23,227.74,228.18,226.66,227.57,227.35045
2017-01-24,227.8,229.47,227.6598,228.96,228.696042
2017-01-25,230.09,230.9617,229.89,230.82,230.610441
2017-01-26,230.79,231.1,230.4,230.75,230.722983
2017-01-27,230.82,230.9617,230.17,230.4,230.377215
2017-01-30,229.55,229.6,227.7979,229.03,228.591664
2017-01-31,228.33,228.97,227.72,228.93,228.463319
2017-02-01,229.69,229.97,228.33,229.05,229.054125
2017-02-02,228.61,229.48,228.22,229.13,228.878999
2017-02-03,230.22,230.93,229.8522,230.79,230.622061
2017-02-06,230.26,230.7221,229.95,230.38,230.301733
2017-02-07,230.8,231.0553,230.111,230.37,230.515972
2017-02-08,230.0,230.79,229.72,230.65,230.337935
2017-02-09,230.96,232.3558,230.93,232.0,231.897083
2017-02-10,232.44,233.19,232.3,232.91,232.827528
2017-02-13,233.55,234.51,233.49,234.2,234.073061
2017-02-14,234.02,235.15,233.59,235.14,234.427939
2017-02-15,234.91,236.5966,234.85,236.34,235.583225
2017-02-16,236.42,236.6,235.33,236.22,235.962999
2017-02-17,235.39,236.51,235.39,236.49,235.926636
2017-02-21,237.0,238.15,236.99,237.92,237.714365
2017-02-22,237.48,238.02,237.3,237.78,237.711125
2017-02-23,238.38,238.38,237.0253,237.97,237.824364
2017-02-24,236.93,238.26,236.88,238.26,237.520632
2017-02-27,238.11,238.78,237.82,238.63,238.404961
2017-02-28,238.18,238.42,237.5,238.03,238.049555
2017-03-01,239.86,241.81,239.85,241.22,241.12975
2017-03-02,241.08,241.08,239.7,239.83,240.369225
2017-03-03,239.66,240.11,239.22,239.97,239.694217
2017-03-06,238.99,239.6,238.5,239.27,239.107622
2017-03-07,238.85,239.25,238.26,238.57,238.738654
2017-03-08,238.84,239.09,237.8787,238.09,238.577648
2017-03-09,238.16,238.71,237.22,238.32,238.163355
2017-03-10,239.47,239.52,238.0691,239.15,238.908528
2017-03-13,239.1,239.34,238.73,239.29,239.044355
2017-03-14,238.65,238.7285,237.66,238.44,238.216178
2017-03-15,239.05,240.93,238.78,240.39,239.808848
2017-03-16,240.61,240.7,239.6,240.08,240.07124
2017-03-17,240.37,240.49,239.58,239.59,240.049993
2017-03-20,239.56,239.87,238.8496,239.2635,239.434997
2017-03-21,240.02,240.12,236.07,236.26,237.216405
2017-03-22,236.29,237.1,235.56,236.78,236.41068
2017-03-23,236.51,237.84,236.1,236.52,237.080108
2017-03-24,235.84,236.5,234.43,235.39,235.742524
2017-03-27,233.4,235.38,233.1,235.05,234.463318
2017-03-28,234.73,237.28,234.62,236.78,236.232334
2017-03-29,236.48,237.29,236.2,237.13,237.005191
2017-03-30,236.95,238.01,236.76,237.73,237.608063
2017-03-31,237.37,238.0,237.17,237.27,237.592524
2017-04-03,237.32,237.52,235.3999,236.87,236.50739
2017-04-04,236.47,237.06,236.04,236.98,236.713503
2017-04-05,237.73,238.87,236.05,236.28,237.801972
2017-04-06,236.46,237.5,235.92,236.9,236.806352
2017-04-07,236.62,237.4801,236.12,236.68,236.877034
2017-04-10,236.86,237.73,236.2351,236.85,237.058576
2017-04-11,236.37,236.65,234.81,236.55,235.839839
2017-04-12,236.23,236.42,235.25,235.59,235.720469
2017-04-13,235.09,235.95,234.02,234.03,234.953519
2017-04-17,234.58,236.06,234.36,236.06,235.330668
2017-04-18,235.19,235.96,234.56,235.35,235.304671
2017-04-19,236.01,236.44,234.651,234.94,235.541539
2017-04-20,235.65,237.33,235.26,236.73,236.603632
2017-04-21,236.75,236.7798,235.61,236.13,236.225173
2017-04-24,238.71,238.92,238.12,238.64,238.546891
2017-04-25,239.41,240.47,239.31,240.05,240.084446
2017-04-26,240.05,241.05,239.86,239.95,240.488214
2017-04-27,240.29,240.46,239.48,240.09,240.061789
2017-04-28,240.45,240.45,239.45,239.56,239.788398
2017-05-01,240.19,240.68,239.7,240.22,240.256707
2017-05-02,240.39,240.49,239.82,240.31,240.155709
2017-05-03,239.81,240.26,239.22,240.07,239.834328
2017-05-04,240.37,240.44,239.28,240.23,240.030513
2017-05-05,240.68,241.26,240.2,241.26,240.674883
2017-05-08,241.31,241.45,240.69,241.17,241.090758
2017-05-09,241.5,241.7,240.55,240.99,241.206611
2017-05-10,240.86,241.4,240.66,241.38,241.133326
2017-05-11,240.88,241.08,239.64,240.94,240.478496
2017-05-12,240.61,240.7,240.19,240.57,240.459336
2017-05-15,241.0,241.96,240.97,241.79,241.619974
2017-05-16,242.17,242.2,241.1468,241.59,241.598614
2017-05-17,239.62,240.13,237.24,237.34,238.698485
2017-05-18,237.19,239.23,236.91,238.19,238.079732
2017-05-19,238.81,240.59,238.77,239.86,239.918142
2017-05-22,240.39,241.22,240.33,241.0,240.881263
2017-05-23,241.5,241.7499,241.03,241.52,241.467361
2017-05-24,241.84,242.25,241.46,242.12,241.804324
2017-05-25,242.73,243.61,242.495,243.27,243.235183
2017-05-26,243.08,243.42,242.97,243.23,243.239922
2017-05-30,242.87,243.32,242.7,243.08,243.107851
2017-05-31,243.38,243.43,242.18,242.9,242.736517
2017-06-01,243.47,244.89,243.18,244.89,243.933339
2017-06-02,244.98,245.91,244.635,245.67,245.441282
2017-06-05,245.52,245.8436,245.33,245.51,245.631204
2017-06-06,244.81,245.51,244.67,244.85,245.080264
2017-06-07,245.18,245.48,244.39,245.25,245.078
2017-06-08,245.33,245.89,244.75,245.32,245.264471
2017-06-09,245.67,246.57,243.48,244.94,245.557912
2017-06-12,244.67,244.98,243.93,244.91,244.449421
2017-06-13,245.58,246.19,245.14,246.11,245.829276
2017-06-14,246.43,246.49,244.85,245.84,245.762601
2017-06-15,244.24,245.47,243.92,245.38,244.865098
2017-06-16,245.53,245.54,244.37,245.18,245.09407
2017-06-19,246.35,247.49,246.22,247.39,246.995825
2017-06-20,246.99,247.0,245.745,245.78,246.460301
2017-06-21,246.17,246.34,245.16,245.68,245.767729
2017-06-22,245.71,246.285,245.385,245.6,245.882882
2017-06-23,245.69,246.2666,245.273,245.85,245.883145
2017-06-26,246.66,247.1412,245.79,246.0,246.346381
2017-06-27,244.62,245.01,242.94,243.04,244.032259
2017-06-28,244.16,245.34,243.86,245.1,244.88509
2017-06-29,245.31,245.36,241.58,243.03,243.314455
2017-06-30,243.93,244.33,243.2,243.41,243.75603
2017-07-03,244.5,245.01,243.85,243.87,244.588864
2017-07-05,244.25,244.63,243.33,244.39,244.191216
2017-07-06,243.53,243.65,241.96,242.19,242.882735
2017-07-07,242.82,243.91,242.64,243.71,243.495594
2017-07-10,243.57,244.42,243.4,243.94,244.02831
2017-07-11,243.8,244.17,242.48,243.82,243.60862
2017-07-12,244.97,245.84,244.96,245.65,245.578146
2017-07-13,245.69,246.2,245.42,246.03,245.945163
2017-07-14,246.09,247.63,245.97,247.1,246.919048
2017-07-17,247.13,247.58,246.98,247.15,247.253951
2017-07-18,246.72,247.38,246.32,247.36,246.965138
2017-07-19,247.71,248.67,247.68,248.62,248.305988
2017-07-20,248.96,249.1,248.15,248.74,248.775452
2017-07-21,248.11,248.57,247.84,248.55,248.242503
2017-07-24,248.45,248.6454,247.95,248.49,248.367112
2017-07-25,249.36,249.48,248.84,249.07,249.191455
2017-07-26,249.44,249.48,248.8,249.14,249.189507
2017-07-27,249.66,249.685,247.34,248.91,248.644162
2017-07-28,248.32,248.7288,247.8,248.56,248.332159
2017-07-31,249.04,249.15,248.2,248.46,248.5972
2017-08-01,249.15,249.18,248.48,248.99,248.89618
2017-08-02,249.16,249.28,248.05,249.12,248.63393
2017-08-03,248.98,249.01,248.32,248.68,248.740128
2017-08-04,249.2,249.47,248.65,249.06,248.997681
2017-08-07,249.17,249.55,249.04,249.52,249.322175
2017-08-08,249.19,250.6,248.51,248.97,249.5505
2017-08-09,248.12,248.99,247.73,248.92,248.403943
2017-08-10,247.95,248.1,245.3516,245.47,246.587082
2017-08-11,245.65,246.44,245.39,245.72,245.847572
2017-08-14,247.25,248.45,247.24,248.17,248.13135
2017-08-15,248.67,248.67,247.83,248.15,248.24081
2017-08-16,248.77,249.24,248.13,248.6,248.669941
2017-08-17,247.91,248.27,244.755,244.8,246.257046
2017-08-18,244.54,245.8,243.83,244.25,244.568156
2017-08-21,244.25,244.82,243.45,244.59,244.320612
2017-08-22,245.21,247.275,245.19,247.0,246.498551
2017-08-23,245.97,246.6905,245.81,246.15,246.289618
2017-08-24,246.66,246.83,245.39,245.69,245.952935
2017-08-25,246.56,247.27,246.05,246.18,246.498297
2017-08-28,246.81,246.85,245.75,246.23,246.192872
2017-08-29,244.76,246.81,244.57,246.54,246.052003
2017-08-30,246.5,247.99,246.29,247.73,247.413155
2017-08-31,248.39,249.46,248.3,249.14,248.983277
2017-09-01,249.63,250.03,249.38,249.57,249.732476
2017-09-05,248.91,249.19,246.62,247.78,247.905234
2017-09-06,248.55,248.975,247.91,248.61,248.169576
2017-09-07,248.96,248.96,248.09,248.61,248.492707
2017-09-08,248.19,248.79,247.99,248.19,248.340633
2017-09-11,249.75,251.01,249.73,250.9,250.6363
2017-09-12,251.35,251.81,251.15,251.8,251.512558
2017-09-13,251.42,251.94,251.32,251.91,251.683257
2017-09-14,251.51,252.03,251.33,251.82,251.784523
2017-09-15,251.7,252.24,251.54,252.14,251.955531
2017-09-18,252.58,253.09,252.2415,252.71,252.743077
2017-09-19,252.96,253.05,252.5851,252.95,252.895977
2017-09-20,253.05,253.16,251.9,253.1,252.763601
2017-09-21,252.87,252.945,252.16,252.36,252.578417
2017-09-22,252.01,252.6,251.99,252.37,252.280353
2017-09-25,252.1,252.52,251.04,251.89,251.751442
2017-09-26,251.1,251.37,250.49,250.75,250.884924
2017-09-27,251.6,252.17,250.55,251.73,251.421134
2017-09-28,251.38,252.13,251.32,252.0,251.836872
2017-09-29,252.02,253.02,251.82,252.93,252.597188
2017-10-02,253.19,253.99,253.11,253.97,253.636699
2017-10-03,254.13,254.59,253.93,254.57,254.291405
2017-10-04,254.4,255.15,254.2855,254.9,254.770688
2017-10-05,255.27,256.42,255.12,256.38,255.998767
2017-10-06,255.88,256.19,255.6,256.11,255.876105
2017-10-09,256.34,256.42,255.37,255.68,255.834333
2017-10-10,256.35,256.77,255.72,256.34,256.132808
2017-10-11,256.3,256.74,256.05,256.71,256.468702
2017-10-12,256.35,256.78,256.0974,256.34,256.421641
2017-10-13,256.9,257.01,256.49,256.63,256.770274
2017-10-16,256.92,257.24,256.54,257.05,256.871619
2017-10-17,256.97,257.25,256.72,257.21,256.993588
2017-10-18,257.64,257.69,257.24,257.43,257.493744
2017-10-19,256.57,257.55,256.0795,257.53,257.099098
2017-10-20,258.48,258.88,258.16,258.85,258.491491
2017-10-23,259.21,259.22,257.75,257.86,258.201089
2017-10-24,258.31,258.56,257.89,258.25,258.281083
2017-10-25,257.9,258.04,255.719,257.04,256.824429
2017-10-26,257.75,258.03,257.29,257.35,257.616895
2017-10-27,258.24,259.64,257.9,259.41,259.123205
2017-10-30,258.99,259.345,258.17,258.52,258.61221
2017-10-31,258.94,259.19,258.56,258.81,258.888726
2017-11-01,259.79,260.19,258.82,259.23,259.485198
2017-11-02,259.17,259.49,257.94,259.37,258.953601
2017-11-03,259.54,260.25,259.06,260.18,259.819012
2017-11-06,260.04,260.77,259.99,260.62,260.493626
2017-11-07,260.8,261.12,259.87,260.49,260.421207
2017-11-08,260.25,261.0,259.94,260.94,260.577471
2017-11-09,259.49,260.16,258.11,259.99,259.415981
2017-11-10,259.48,259.97,259.13,259.81,259.635169
2017-11-13,259.06,260.3631,259.02,260.1,259.976774
2017-11-14,259.14,259.62,258.28,259.58,259.230769
2017-11-15,258.39,258.979,257.38,258.18,258.262821
2017-11-16,259.3,260.82,259.26,260.34,260.336232
2017-11-17,259.88,260.19,259.54,259.63,259.92969
2017-11-20,259.91,260.2799,259.61,260.04,260.036889
2017-11-21,260.95,261.97,260.87,261.73,261.626036
2017-11-22,261.76,261.91,261.34,261.54,261.623144
2017-11-24,262.06,262.27,261.95,262.09,262.105095
2017-11-27,262.18,262.54,261.79,262.01,262.149242
2017-11-28,262.59,264.7,262.45,264.65,263.61444
2017-11-29,264.84,265.4432,264.0,264.48,264.59412
2017-11-30,265.58,267.87,265.5,266.89,266.789533
2017-12-01,266.61,267.1385,262.57,266.26,265.505279
2017-12-04,268.13,268.65,265.95,265.98,267.622889
2017-12-05,264.99,266.97,264.84,264.99,265.888462
2017-12-06,265.17,265.55,264.53,265.05,265.114607
2017-12-07,264.9,266.24,264.77,265.85,265.743359
2017-12-08,267.26,267.37,266.56,267.3,267.047849
2017-12-11,268.22,268.23,267.335,268.22,267.82153
2017-12-12,269.05,269.17,268.19,268.63,268.797663
2017-12-13,268.9,269.41,268.51,268.57,269.007069
2017-12-14,268.93,269.07,267.44,267.53,268.233984
2017-12-15,268.7,270.25,268.61,269.79,269.588363
2017-12-18,271.31,271.84,271.23,271.47,271.530952
2017-12-19,270.48,270.48,269.06,269.13,269.594263
2017-12-20,270.21,270.3,268.665,268.99,269.277859
2017-12-21,269.68,270.34,269.27,269.53,269.795941
2017-12-22,269.55,269.6,268.86,269.46,269.30923
2017-12-26,269.04,269.38,268.85,269.12,269.080352
2017-12-27,269.3,269.68,268.9701,269.29,269.292785
2017-12-28,269.8,269.88,269.41,269.79,269.619268
2017-12-29,270.5,270.5,268.59,268.85,269.472714
2018-01-02,269.84,270.85,269.37,270.85,270.365109
2018-01-03,271.05,272.63,270.95,272.42,272.092947
2018-01-04,273.23,274.17,273.11,273.6,273.739754
2018-01-05,274.55,275.56,273.98,275.33,274.83251
2018-01-08,275.37,276.11,274.99,275.94,275.676029
2018-01-09,276.44,277.2548,276.1182,276.57,276.762339
2018-01-10,275.72,276.44,274.941,276.13,275.938421
2018-01-11,276.78,278.13,276.59,278.09,277.430569
2018-01-12,278.48,280.15,278.34,279.91,279.631284
2018-01-16,281.4,282.15,278.2,278.9,279.850127
2018-01-17,280.05,282.11,279.24,281.68,280.955385
2018-01-18,281.57,282.01,280.6385,281.26,281.418816
2018-01-19,281.89,282.49,281.21,282.49,281.880025
2018-01-22,282.21,284.76,282.19,284.73,283.570175
2018-01-23,284.82,285.7,284.48,285.39,285.255713
2018-01-24,286.13,286.8,283.93,285.24,285.426332
2018-01-25,286.22,286.35,284.5,285.35,285.502735
2018-01-26,286.35,288.69,286.06,288.66,287.517282
2018-01-29,288.11,288.55,286.62,286.75,287.604892
2018-01-30,284.64,285.3835,283.3,283.65,284.169903
2018-01-31,284.8,285.4,282.76,284.15,284.115302
2018-02-01,283.16,285.16,282.77,283.79,283.971666
2018-02-02,282.1,282.29,277.44,277.53,279.65262
2018-02-05,275.45,277.86,265.17,266.05,271.888459
2018-02-06,261.88,271.64,260.57,271.26,266.73833
2018-02-07,270.46,274.359,269.59,269.59,271.865377
2018-02-08,269.94,270.12,259.46,259.62,264.990301
2018-02-09,262.77,265.539,254.769,263.67,259.994731
2018-02-12,265.67,268.93,263.82,267.18,266.880501
2018-02-13,265.9,268.56,265.24,267.96,267.0188
2018-02-14,266.36,271.98,266.22,271.65,269.785826
2018-02-15,273.52,275.03,270.78,275.02,273.220833
2018-02-16,274.36,277.3599,274.23,275.09,275.641644
2018-02-20,274.04,275.69,272.52,273.41,274.155369
2018-02-21,273.9,276.73,271.98,272.0,274.470716
2018-02-22,273.13,275.07,271.63,272.37,273.353097
2018-02-23,273.85,276.74,273.29,276.72,274.736806
2018-02-26,277.96,280.0632,277.33,279.96,278.989982
2018-02-27,280.2,281.03,276.41,276.48,278.731425
2018-02-28,277.74,278.23,273.33,273.34,276.154814
2018-03-01,273.46,275.17,267.95,269.7,271.234822
2018-03-02,267.69,271.71,266.77,271.2,269.256346
2018-03-05,269.71,274.91,269.59,274.2,273.293602
2018-03-06,275.29,275.42,273.19,274.95,274.592325
2018-03-07,272.43,275.19,272.231,274.85,273.832257
2018-03-08,275.565,276.26,274.45,276.13,275.444888
2018-03-09,277.77,280.92,277.39,280.82,279.86962
2018-03-12,281.32,282.0,280.1601,280.59,280.946261
2018-03-13,281.93,282.5,278.11,278.77,280.030565
2018-03-14,279.9,280.1019,276.74,277.34,277.863732
2018-03-15,277.96,278.66,276.47,277.05,277.429046
2018-03-16,277.66,278.53,277.3,277.3,277.845432
2018-03-19,276.49,276.5,271.72,273.58,273.863751
2018-03-20,274.01,274.76,273.3,274.06,274.085111
2018-03-21,273.98,276.4,273.3,273.56,274.537541
2018-03-22,269.67,270.7285,265.21,265.47,267.88888
2018-03-23,266.0,266.83,259.61,259.83,263.177722
2018-03-26,264.07,267.24,261.19,267.0,264.248821
2018-03-27,267.98,268.59,260.61,262.32,264.820748
2018-03-28,262.52,264.44,260.36,261.62,262.235536
2018-03-29,262.86,267.05,262.071,265.37,264.712466
2018-04-02,264.37,264.93,256.43,259.21,259.461219
2018-04-03,260.63,263.04,258.6,262.58,260.868031
2018-04-04,258.52,266.17,258.35,265.63,262.40449
2018-04-05,267.35,268.42,266.14,267.48,267.375107
2018-04-06,265.2,266.94,259.76,261.57,262.85149
2018-04-09,263.23,266.64,262.31,262.7,264.463154
2018-04-10,266.11,267.86,264.79,266.97,266.639394
2018-04-11,265.27,267.43,265.18,265.52,266.067553
2018-04-12,267.09,268.82,266.87,267.79,267.973302
2018-04-13,269.3,269.361,265.8,266.97,267.326265
2018-04-16,268.8,270.03,267.9,269.19,269.042741
2018-04-17,271.18,272.729,270.58,272.07,271.780224
2018-04-18,272.54,273.14,271.76,272.19,272.672473
2018-04-19,271.48,271.71,269.55,270.72,270.498295
2018-04-20,270.65,270.89,267.45,268.44,268.823541
2018-04-23,269.16,269.72,267.19,268.44,268.58158
2018-04-24,269.55,269.8,263.05,264.89,265.915299
2018-04-25,264.7,265.92,262.67,265.42,264.337263
2018-04-26,266.6,269.06,266.1,268.15,267.755086
2018-04-27,268.79,269.18,267.3,268.39,268.471467
2018-04-30,269.07,269.7,266.2,266.31,267.862114
2018-05-01,265.78,266.92,263.9,266.83,265.317326
2018-05-02,266.58,267.48,264.53,264.97,265.942824
2018-05-03,264.0,265.15,260.81,264.4,263.141245
2018-05-04,263.31,268.595,262.94,267.82,266.968689
2018-05-07,268.75,269.84,267.95,268.79,268.984232
2018-05-08,268.33,269.13,266.97,268.68,268.155054
2018-05-09,269.51,271.72,268.95,271.44,270.748026
2018-05-10,272.24,274.27,272.07,273.9,273.450937
2018-05-11,274.04,275.04,273.48,274.47,274.328575
2018-05-14,275.22,275.94,274.28,274.82,275.111987
2018-05-15,273.45,273.5,271.91,272.81,272.683886
2018-05-16,272.98,274.62,272.98,274.1,274.009612
2018-05-17,273.82,275.12,272.9811,273.88,274.050096
2018-05-18,273.49,273.916,272.81,273.21,273.455426
2018-05-21,274.86,275.87,274.461,275.21,275.211844
2018-05-22,275.86,276.17,274.13,274.47,275.396562
2018-05-23,273.05,275.3,272.915,275.25,273.991631
2018-05-24,274.83,275.12,272.67,274.75,274.361303
2018-05-25,274.05,274.76,273.46,273.98,274.073023
2018-05-29,272.16,273.033,269.62,270.93,271.072965
2018-05-30,272.45,274.99,272.3,274.55,273.923542
2018-05-31,274.09,274.35,272.14,272.73,273.12819
2018-06-01,274.32,275.85,274.27,275.53,275.21958
2018-06-04,276.4,277.1,276.19,276.81,276.712082
2018-06-05,276.93,277.45,276.1,277.06,276.915699
2018-06-06,277.73,279.47,277.01,279.44,278.51745
2018-06-07,279.9,280.24,278.27,279.26,279.29068
2018-06-08,278.78,280.18,278.6,280.04,279.612032
2018-06-11,280.34,281.3268,280.25,280.51,280.880587
2018-06-12,281.03,281.29,280.15,280.89,280.851157
2018-06-13,281.13,281.44,279.76,279.92,280.720098
2018-06-14,280.91,281.28,280.03,280.71,280.634706
2018-06-15,279.84,280.7,278.55,280.31,279.716185
2018-06-18,278.68,279.91,278.1383,279.7,279.357133
2018-06-19,277.19,278.93,276.69,278.67,278.024297
2018-06-20,279.48,279.91,278.78,279.25,279.367647
2018-06-21,279.15,279.15,276.8421,277.32,277.791169
2018-06-22,278.89,278.96,277.66,277.89,278.462504
2018-06-25,276.6,276.76,272.23,274.1,274.03361
2018-06-26,273.5,274.4,272.64,273.47,273.691102
2018-06-27,274.08,275.7126,271.03,271.12,273.626683
2018-06-28,271.08,273.61,270.32,272.82,271.899422
2018-06-29,273.99,275.54,273.05,273.05,274.31556
2018-07-02,271.36,273.94,271.1,273.82,272.674529
2018-07-03,274.75,274.86,272.29,272.73,274.038738
2018-07-05,274.05,275.07,272.83,275.07,274.245832
2018-07-06,275.03,277.74,274.62,277.21,276.886451
2018-07-09,278.45,279.86,278.42,279.81,279.388442
2018-07-10,280.2,280.95,280.01,280.83,280.549476
2018-07-11,279.07,279.97,278.4462,278.74,279.120658
2018-07-12,280.18,281.36,279.54,281.14,280.777713
2018-07-13,281.12,281.89,280.6,281.43,281.523465
2018-07-16,281.6,281.74,280.8,281.33,281.222124
2018-07-17,280.4,282.87,280.36,282.47,282.036535
2018-07-18,282.55,283.15,282.01,283.09,282.802688
2018-07-19,282.27,282.69,281.42,281.92,282.139513
2018-07-20,281.71,282.43,281.45,281.62,281.890941
2018-07-23,281.4,282.4,280.981,282.14,281.982569
2018-07-24,283.72,284.53,282.605,283.55,283.620908
2018-07-25,283.35,286.38,283.27,286.18,284.566566
2018-07-26,285.18,286.105,285.08,285.19,285.478721
2018-07-27,285.7,285.8,282.36,283.36,283.798637
2018-07-30,283.47,283.65,281.31,281.77,282.228357
2018-07-31,282.83,283.99,282.35,283.28,283.243064
2018-08-01,283.46,284.1,282.11,282.88,283.120624
2018-08-02,281.35,284.56,281.12,284.23,283.229863
2018-08-03,284.53,285.65,284.32,285.55,285.203203
2018-08-06,285.55,286.99,285.2,286.65,286.437439
2018-08-07,287.43,288.02,287.25,287.47,287.726998
2018-08-08,287.41,287.94,286.97,287.37,287.519626
2018-08-09,287.51,287.99,286.94,287.11,287.4863
2018-08-10,285.43,286.04,284.36,285.07,285.249991
2018-08-13,285.47,286.169,283.77,284.11,284.6931
2018-08-14,284.93,286.1639,284.5,285.93,285.587736
2018-08-15,284.37,284.47,282.15,283.65,283.233905
2018-08-16,285.37,287.07,285.37,286.1,286.240523
2018-08-17,285.87,287.5905,285.4,287.04,286.660596
2018-08-20,287.6,288.01,287.0744,287.74,287.668723
2018-08-21,288.31,289.361,288.132,288.23,288.801731
2018-08-22,287.91,288.79,287.6,288.22,288.358092
2018-08-23,287.97,288.97,287.47,287.73,287.996494
2018-08-24,288.48,289.72,288.4176,289.52,289.342015
2018-08-27,290.9,291.97,290.73,291.81,291.636447
2018-08-28,292.39,292.49,291.47,291.89,291.900319
2018-08-29,292.25,293.83,291.96,293.54,293.23713
2018-08-30,293.0,293.46,291.7,292.29,292.866447
2018-08-31,291.93,292.9,291.37,292.44,292.217871
2018-09-04,291.94,292.29,290.76,291.95,291.609688
2018-09-05,291.5,291.7,289.95,291.16,291.031719
2018-09-06,291.19,291.57,289.05,290.31,290.202005
2018-09-07,289.0,290.77,288.77,289.6,289.86225
2018-09-10,290.82,291.11,289.94,290.25,290.356736
2018-09-11,289.4,291.62,289.03,291.22,290.789756
2018-09-12,291.13,291.86,290.3,291.24,291.146231
2018-09-13,292.39,293.12,292.09,292.92,292.683721
2018-09-14,293.16,293.36,292.1,292.91,292.897526
2018-09-17,292.91,292.94,291.1219,291.44,291.962873
2018-09-18,291.66,293.69,291.66,293.07,293.067097
2018-09-19,293.03,293.8,292.95,293.28,293.364644
2018-09-20,294.74,296.07,294.63,295.76,295.471365
2018-09-21,296.57,296.69,295.26,295.36,296.014074
2018-09-24,294.79,294.9399,293.8,294.47,294.429153
2018-09-25,294.97,295.07,293.92,294.16,294.352763
2018-09-26,293.04,294.4067,291.58,292.02,293.058767
2018-09-27,292.57,294.07,291.934,292.82,293.251409
2018-09-28,292.15,293.44,292.1,292.73,292.757865
2018-10-01,294.3,295.0967,293.16,293.87,294.288065
2018-10-02,293.73,294.5324,293.32,293.75,293.931771
2018-10-03,294.92,295.4,293.51,293.95,294.526513
2018-10-04,293.3919,293.42,289.82,291.74,291.485846
2018-10-05,291.87,292.44,288.36,289.93,290.236074
2018-10-08,289.17,290.36,287.6,289.94,289.16955
2018-10-09,289.55,291.01,288.93,289.59,289.899778
2018-10-10,288.94,288.99,279.94,280.25,284.458593
2018-10-11,279.23,280.97,272.4,274.33,277.296083
2018-10-12,278.83,279.14,274.39,278.03,277.228342
2018-10-15,277.59,279.0935,276.37,276.53,277.710087
2018-10-16,278.65,282.96,278.13,282.62,280.814658
2018-10-17,282.55,283.225,279.63,282.56,282.134422
2018-10-18,281.4743,282.1294,277.02,278.51,279.095848
2018-10-19,279.26,281.369,277.59,278.27,279.279023
2018-10-22,279.06,279.41,276.44,277.22,277.668565
2018-10-23,272.96,276.89,270.61,275.57,273.490771
2018-10-24,275.39,275.79,266.64,267.14,271.334617
2018-10-25,269.37,273.83,268.2,272.02,271.269189
2018-10-26,267.87,270.7311,264.24,267.1,267.153635
2018-10-29,270.84,272.25,261.85,265.61,267.45093
2018-10-30,265.64,270.12,265.08,269.86,267.757804
2018-10-31,272.79,275.24,272.18,272.76,273.546968
2018-11-01,273.66,275.76,272.4077,275.42,274.585178
2018-11-02,276.75,277.25,271.61,273.89,274.099845
2018-11-05,274.58,276.04,273.39,275.57,274.948653
2018-11-06,275.4,277.34,275.31,277.16,276.427679
2018-11-07,279.6273,283.23,279.18,283.13,281.437202
2018-11-08,282.3,283.33,281.35,282.52,282.428494
2018-11-09,281.15,281.34,278.25,279.96,280.090028
2018-11-12,279.25,279.5075,274.0101,274.51,275.914264
2018-11-13,275.11,277.37,273.2636,274.11,274.862359
2018-11-14,276.2,276.65,270.43,272.21,273.22435
2018-11-15,270.81,275.5667,268.956,274.96,272.803769
2018-11-16,273.83,276.73,273.29,275.74,275.225691
2018-11-19,275.11,275.37,270.08,271.13,271.745084
2018-11-20,267.3101,268.959,265.09,266.1,266.749688
2018-11-21,267.8,269.09,266.96,266.96,268.11873
2018-11-23,265.1,266.755,265.02,265.31,265.784446
2018-11-26,267.7581,269.53,267.31,269.47,268.663577
2018-11-27,268.45,270.35,267.62,270.32,269.441301
2018-11-28,271.6141,276.63,270.52,276.63,273.80442
2018-11-29,275.78,277.629,274.49,276.07,276.106648
2018-11-30,275.86,278.38,275.5,278.0,277.17971
2018-12-03,282.43,282.58,279.59,281.37,280.944898
2018-12-04,280.49,280.93,271.94,272.53,275.389491
2018-12-06,267.92,271.97,264.36,271.82,268.097517
2018-12-07,271.45,273.269,264.59,265.6,267.648398
2018-12-10,265.34,267.1199,260.5068,266.0,264.390312
2018-12-11,269.6117,269.82,264.41,266.05,266.956051
2018-12-12,269.48,270.9368,267.35,267.49,269.372826
2018-12-13,268.44,269.46,266.07,267.24,267.343541
2018-12-14,264.9,265.97,261.75,262.4,263.687368
2018-12-17,259.98,261.11,253.94,255.65,257.72118
2018-12-18,257.67,258.35,253.7127,255.62,256.7295
2018-12-19,255.59,259.826,249.73,251.74,254.730648
2018-12-20,250.2201,251.94,244.98,247.43,248.486028
2018-12-21,248.55,251.41,241.7201,242.35,245.823546
2018-12-24,240.8,242.0,236.04,236.09,238.782174
2018-12-26,237.73,247.89,235.46,247.67,241.064413
2018-12-27,244.33,250.07,240.67,250.06,244.102938
2018-12-28,251.03,252.88,247.945,249.33,250.159957
2018-12-31,251.04,251.63,248.99,251.61,250.526956
2019-01-02,247.54,252.7,247.4201,251.72,250.795214
2019-01-03,249.79,250.028,245.08,245.43,247.068577
2019-01-04,249.06,254.59,248.64,254.06,252.364425
2019-01-07,254.24,257.46,253.21,255.77,255.842206
2019-01-08,258.38,258.82,255.52,258.29,257.429404
2019-01-09,259.09,260.48,257.72,259.49,259.437969
2019-01-10,257.82,260.7,257.08,260.51,259.311571
2019-01-11,259.24,260.52,258.57,260.37,259.83117
2019-01-14,258.4,259.81,257.95,259.11,259.20723
2019-01-15,259.37,262.2,259.37,261.91,261.269925
2019-01-16,262.3601,263.5192,262.16,262.6,262.885229
2019-01-17,261.62,265.46,261.52,264.53,263.710014
2019-01-18,266.56,268.57,265.7,268.07,267.332662
2019-01-22,266.37,266.59,262.64,264.5,264.407598
2019-01-23,265.62,266.34,262.26,264.88,264.249898
2019-01-24,264.79,265.77,263.67,265.14,264.764038
2019-01-25,267.19,268.27,266.71,267.5,267.558211
2019-01-28,265.0,265.41,263.35,265.35,264.634368
2019-01-29,265.47,266.0942,264.075,264.98,264.989605
2019-01-30,266.67,270.12,265.85,269.23,268.292061
2019-01-31,269.12,272.03,268.9179,271.55,271.048742
2019-02-01,271.8,272.84,270.83,271.7,271.739534
2019-02-04,271.77,273.67,270.98,273.65,272.501022
2019-02-05,274.12,275.08,273.54,274.82,274.537168
2019-02-06,274.44,274.98,273.57,274.41,274.409218
2019-02-07,272.58,273.18,269.93,271.83,271.342871
2019-02-08,270.35,272.15,269.47,272.13,270.645733
2019-02-11,272.84,273.15,271.7,272.28,272.313039
2019-02-12,274.06,276.2,274.0,275.82,275.457856
2019-02-13,276.72,277.62,276.25,276.66,276.996429
2019-02-14,275.44,277.31,274.54,276.03,276.072043
2019-02-15,278.01,279.16,277.82,279.16,278.443032
2019-02-19,278.21,280.295,278.18,279.55,279.530991
2019-02-20,279.55,280.63,278.99,280.09,279.883827
2019-02-21,279.45,279.79,278.04,279.21,278.989736
2019-02-22,279.86,281.08,279.54,280.82,280.429237
2019-02-25,282.46,283.059,281.15,281.26,282.003309
2019-02-26,280.81,282.02,280.6587,281.05,281.288866
2019-02-27,280.28,281.31,279.2,280.91,280.487758
2019-02-28,280.66,281.18,280.06,280.32,280.536536
2019-03-01,282.2,282.62,280.56,282.31,281.812668
2019-03-04,283.3699,283.57,278.55,281.16,280.746621
2019-03-05,281.28,281.49,280.1402,280.8,280.97647
2019-03-06,280.87,280.88,278.68,279.01,279.738528
2019-03-07,278.53,278.66,275.74,276.76,276.933866
2019-03-08,274.58,276.33,274.1,276.2,274.983085
2019-03-11,276.96,280.35,276.94,280.21,279.294017
2019-03-12,280.79,281.8,280.62,281.2,281.264159
2019-03-13,282.23,284.13,282.04,283.15,283.322044
2019-03-14,283.14,283.5988,282.4335,283.01,283.03662
2019-03-15,283.56,285.21,283.33,284.28,284.342702
2019-03-18,284.57,285.67,284.33,285.41,285.074037
2019-03-19,286.51,287.395,284.444,285.54,286.104498
2019-03-20,284.06,285.38,282.19,283.39,283.69876
2019-03-21,282.51,287.07,282.49,286.57,285.596609
2019-03-22,285.12,285.71,281.07,281.16,282.938669
2019-03-25,280.77,282.0798,279.53,280.91,280.770823
2019-03-26,282.87,284.0897,281.45,282.96,282.847452
2019-03-27,283.02,283.66,279.835,281.58,281.697082
2019-03-28,282.25,283.1,280.96,282.69,282.171982
2019-03-29,284.31,284.74,283.03,284.56,284.061195
2019-04-01,286.64,288.08,286.35,287.85,287.244641
2019-04-02,287.97,288.16,287.04,287.92,287.761727
2019-04-03,289.25,289.7,287.675,288.44,288.869546
2019-04-04,288.74,289.39,287.95,289.13,288.795194
2019-04-05,289.86,290.56,289.54,290.45,290.217722
2019-04-08,290.03,290.85,289.31,290.77,290.135835
2019-04-09,289.73,290.0228,288.66,289.27,289.319238
2019-04-10,289.72,290.34,289.27,290.22,289.790738
2019-04-11,290.77,290.78,289.53,290.2,290.114516
2019-04-12,291.97,292.44,291.21,292.16,291.929955
2019-04-15,292.24,292.31,291.04,291.92,291.646282
2019-04-16,292.92,292.98,291.46,292.14,292.361912
2019-04-17,293.38,293.39,290.94,291.37,291.68638
2019-04-18,292.09,292.28,290.62,292.0,291.713937
2019-04-22,291.13,292.4,291.04,292.3,291.852515
2019-04-23,292.65,295.105,292.4017,294.84,294.442933
2019-04-24,294.7533,295.1399,294.06,294.22,294.627918
2019-04-25,294.13,294.76,292.68,294.04,294.159864
2019-04-26,294.11,295.5,293.2133,295.47,294.469723
2019-04-29,295.51,296.46,295.4067,295.79,295.929354
2019-04-30,295.49,296.33,293.9099,295.94,295.368987
2019-05-01,296.73,296.93,293.77,293.8,295.626707
2019-05-02,293.64,294.68,291.49,293.26,293.166594
2019-05-03,294.79,296.33,294.57,296.01,295.735601
2019-05-06,291.22,295.28,290.88,294.9,293.474884
2019-05-07,292.13,292.79,287.75,289.91,290.098387
2019-05-08,289.55,291.38,288.82,289.52,290.13279
2019-05-09,287.2,289.24,285.23,288.72,287.385917
2019-05-10,287.59,290.9008,284.21,290.0,287.471637
2019-05-13,284.31,285.4,281.84,282.8,283.162196
2019-05-14,283.91,287.0231,283.75,285.32,285.57308
2019-05-15,283.5,287.7,283.25,287.03,286.106429
2019-05-16,287.77,291.17,287.71,289.56,289.845122
2019-05-17,287.09,290.54,287.08,287.9,288.566762
2019-05-20,286.05,287.3656,285.05,285.98,286.152697
2019-05-21,287.77,288.86,287.49,288.48,288.282184
2019-05-22,287.35,288.6,287.0599,287.65,287.765655
2019-05-23,285.1,285.1099,282.47,284.06,283.667493
2019-05-24,285.66,286.12,284.01,284.76,284.960356
2019-05-28,285.02,286.075,282.08,282.08,284.347617
2019-05-29,280.78,281.2,278.56,280.24,279.861994
2019-05-30,280.96,281.92,279.68,280.87,280.819948
2019-05-31,278.06,278.96,277.11,277.3,277.779584
2019-06-03,277.15,278.39,274.9,276.38,276.49575
2019-06-04,278.96,282.5759,278.47,282.44,280.825668
2019-06-05,284.25,284.9,282.211,284.86,283.851987
2019-06-06,285.21,287.495,284.49,286.76,285.863847
2019-06-07,287.9,290.83,287.7,289.67,289.76724
2019-06-10,291.36,292.81,290.87,291.0,291.647717
2019-06-11,293.0,293.42,290.18,290.95,291.388251
2019-06-12,290.66,291.25,289.83,290.29,290.378092
2019-06-13,291.4,291.97,290.6279,291.62,291.294075
2019-06-14,291.31,291.93,290.4001,291.25,290.98802
2019-06-17,289.75,290.45,289.41,289.74,289.967943
2019-06-18,291.63,293.8,291.25,292.45,292.703509
2019-06-19,292.79,293.89,291.78,293.24,292.963795
2019-06-20,296.32,296.57,293.8788,296.02,295.678586
2019-06-21,295.79,297.2,295.47,295.57,296.006678
2019-06-24,295.9,296.27,295.15,295.27,295.667864
2019-06-25,295.35,295.41,292.3,292.41,293.654806
2019-06-26,293.42,293.99,292.02,292.08,292.789039
2019-06-27,292.99,293.73,292.61,293.28,293.331302
2019-06-28,294.28,295.21,293.71,294.75,294.302722
2019-07-01,298.37,298.88,296.02,297.32,297.189522
2019-07-02,297.29,298.23,296.37,298.23,297.316497
2019-07-03,298.89,300.52,298.7499,300.48,299.713748
2019-07-05,299.18,300.36,297.741,300.1,299.405224
2019-07-08,298.71,299.05,297.74,298.55,298.472599
2019-07-09,297.23,299.26,297.19,299.03,298.431775
2019-07-10,300.12,301.39,299.5,300.4,300.389137
2019-07-11,301.05,301.32,299.93,300.93,300.700661
2019-07-12,301.61,302.49,301.26,302.49,301.853121
2019-07-15,302.86,302.89,301.9664,302.46,302.288076
2019-07-16,302.41,302.6,301.19,301.44,301.899496
2019-07-17,301.47,301.64,299.48,299.48,300.511701
2019-07-18,298.89,300.96,298.42,300.65,299.819736
2019-07-19,301.78,301.82,298.69,298.9,300.354946
2019-07-22,299.33,300.21,298.77,299.58,299.508251
2019-07-23,300.91,301.76,299.96,301.72,301.00494
2019-07-24,300.94,303.17,300.83,303.17,302.203622
2019-07-25,302.71,302.735,300.833,301.71,301.734989
2019-07-26,302.5,303.98,302.4,303.77,303.428456
2019-07-29,303.63,303.68,302.58,303.22,303.22295
2019-07-30,301.65,302.9,301.22,302.48,302.320316
2019-07-31,302.76,302.94,296.89,299.23,299.748087
2019-08-01,299.32,302.6,295.6603,296.52,297.100281
2019-08-02,295.52,295.81,292.59,294.42,294.076448
2019-08-05,289.77,289.85,283.34,285.57,286.989007
2019-08-06,287.54,289.69,285.93,289.38,288.997681
2019-08-07,286.01,290.46,283.66,289.66,288.12161
2019-08-08,291.26,295.28,290.68,295.28,294.033141
2019-08-09,294.27,294.95,291.32,293.36,293.360637
2019-08-12,291.58,292.21,288.69,289.81,290.015586
2019-08-13,289.37,295.84,289.0,294.28,293.894288
2019-08-14,289.7,290.41,285.4,285.6,287.307853
2019-08-15,286.52,287.24,284.02,286.34,286.219416
2019-08-16,288.14,291.01,288.08,290.58,290.167881
2019-08-19,293.86,294.77,293.14,294.07,294.121791
2019-08-20,293.464,294.01,291.61,291.79,292.651117
2019-08-21,294.15,294.57,293.43,294.18,294.09134
2019-08-22,294.95,295.6309,292.1,294.07,294.099984
2019-08-23,292.63,294.45,285.1,286.47,289.878509
2019-08-26,288.91,289.66,287.24,289.66,288.711531
2019-08-27,291.21,291.61,287.69,288.55,289.222173
2019-08-28,287.75,290.71,286.89,290.5,289.724401
2019-08-29,293.43,294.84,292.3,294.28,294.159551
2019-08-30,295.96,295.96,293.12,294.27,294.386537
2019-09-03,292.26,293.29,290.95,292.41,292.184151
2019-09-04,294.86,295.77,294.05,295.76,294.887288
2019-09-05,298.54,300.6,298.4,299.63,299.502583
2019-09-06,299.94,300.51,299.2,299.83,300.047206
2019-09-09,300.93,300.98,298.91,299.97,299.918734
2019-09-10,299.08,299.95,297.71,299.95,298.676677
2019-09-11,300.25,302.12,299.54,302.12,301.039356
2019-09-12,303.02,304.25,302.22,303.08,303.344158
2019-09-13,303.56,303.9516,302.44,302.87,303.069424
2019-09-16,301.57,302.4,301.2,301.98,301.829646
2019-09-17,301.68,302.78,301.5428,302.71,302.026055
2019-09-18,302.25,303.0,300.01,302.93,301.670527
2019-09-19,303.33,304.4,302.49,302.89,303.549958
2019-09-20,303.56,303.84,300.6,301.22,302.515804
2019-09-23,300.69,302.113,300.44,301.38,301.446291
2019-09-24,301.07,301.53,296.47,297.51,298.659624
2019-09-25,297.57,299.76,295.97,299.19,298.254965
2019-09-26,299.28,299.5,297.1,298.59,298.481146
2019-09-27,299.53,299.6,295.34,297.0,297.333037
2019-09-30,297.61,299.19,297.56,298.52,298.578029
2019-10-01,299.4,300.12,294.63,294.91,296.292274
2019-10-02,293.15,293.15,288.2414,289.63,290.000703
2019-10-03,289.4,292.06,286.42,292.04,289.687784
2019-10-04,292.79,296.2644,292.75,296.02,294.366614
2019-10-07,295.14,296.92,294.42,294.69,295.587389
2019-10-08,292.66,293.45,290.11,290.13,291.568223
2019-10-09,292.37,293.91,291.7082,292.88,292.97241
2019-10-10,292.81,295.86,292.62,294.95,294.718328
2019-10-11,297.95,300.39,297.78,297.89,299.283528
2019-10-14,297.58,298.28,297.24,297.69,297.814858
2019-10-15,298.73,301.3651,298.65,300.62,300.650229
2019-10-16,300.03,300.82,299.59,300.07,299.995621
2019-10-17,301.35,301.915,300.2,300.91,301.118325
2019-10-18,300.4,301.0501,298.65,299.6,299.921951
2019-10-21,301.09,301.87,300.67,301.75,301.555495
2019-10-22,302.3,302.562,300.57,300.7,302.020247
2019-10-23,300.39,301.63,300.19,301.57,300.949249
2019-10-24,302.57,302.75,301.15,302.11,301.960742
2019-10-25,301.45,303.9,301.42,303.31,303.20122
2019-10-28,304.55,305.56,304.55,305.01,305.14971
2019-10-29,304.73,305.94,304.56,304.91,305.245785
2019-10-30,305.13,306.22,303.69,305.87,305.067591
2019-10-31,305.83,305.83,303.4549,304.97,304.522753
2019-11-01,306.65,307.95,306.47,307.95,307.411379
2019-11-04,309.63,309.76,308.71,309.11,309.211641
2019-11-05,309.36,309.65,308.43,308.74,308.92281
2019-11-06,308.76,309.14,307.77,308.88,308.570177
2019-11-07,310.32,311.18,309.41,309.98,310.509556
2019-11-08,309.53,310.69,308.78,310.67,309.980944
2019-11-11,309.2,310.275,309.0,310.16,309.97637
2019-11-12,310.5,311.75,309.89,310.69,310.982153
2019-11-13,309.62,311.29,309.4,310.86,310.62368
2019-11-14,310.53,311.38,309.84,311.3,310.827963
2019-11-15,312.77,313.61,312.02,313.61,312.669702
2019-11-18,313.3,314.06,312.81,313.75,313.629575
2019-11-19,314.47,314.47,312.98,313.68,313.687299
2019-11-20,313.06,313.59,310.8051,312.52,312.447208
2019-11-21,312.63,312.74,311.1786,312.07,312.043697
2019-11-22,312.86,312.97,311.62,312.74,312.500623
2019-11-25,313.75,315.14,313.75,315.1,314.733067
2019-11-26,315.23,316.04,314.84,315.73,315.609328
2019-11-27,316.47,317.28,316.15,317.25,316.743327
2019-11-29,316.69,316.9226,315.85,316.06,316.333788
2019-12-02,316.43,316.45,312.9461,313.41,313.999428
2019-12-03,310.39,311.41,308.8792,311.25,310.309789
2019-12-04,312.45,313.8727,312.1115,313.18,313.319687
2019-12-05,314.01,314.01,312.35,313.84,313.390989
2019-12-06,315.93,317.14,315.8899,316.64,316.554969
2019-12-09,316.2,317.0,315.62,315.7,316.368799
2019-12-10,315.65,316.32,314.61,315.37,315.550782
2019-12-11,315.84,316.52,315.4079,316.17,316.061158
2019-12-12,316.23,319.81,315.97,318.97,318.360838
2019-12-13,318.73,320.52,317.84,319.08,319.098583
2019-12-16,319.0,319.98,318.99,319.32,319.555113
2019-12-17,319.78,320.07,319.29,319.35,319.611757
2019-12-18,319.83,320.06,319.36,319.37,319.698954
2019-12-19,319.6,320.81,319.3354,320.74,320.330809
2019-12-20,321.86,322.83,321.81,322.38,322.420842
2019-12-23,322.97,323.044,322.45,322.61,322.733391
2019-12-24,322.87,322.93,322.305,322.65,322.553829
2019-12-26,323.06,324.33,323.02,324.32,323.565163
2019-12-27,325.19,325.19,323.71,324.26,324.463624
2019-12-30,324.41,324.49,321.96,322.51,322.746169
2019-12-31,321.96,323.56,321.5675,323.24,322.62434
2020-01-02,324.98,326.32,323.95,326.32,324.999008
2020-01-03,322.53,325.06,322.511,323.81,324.243536
2020-01-06,321.89,325.14,321.78,325.09,323.819898
2020-01-07,324.46,324.97,323.65,324.2,324.384221
2020-01-08,324.38,327.21,324.11,325.85,325.86266
2020-01-09,327.59,328.17,326.94,328.05,327.703501
2020-01-10,328.7339,328.8956,326.6214,327.14,328.08965
2020-01-13,327.87,329.43,327.36,329.43,328.664561
2020-01-14,328.9,330.0669,328.061,328.92,329.14467
2020-01-15,328.81,330.49,328.71,329.66,329.705047
2020-01-16,331.17,332.4,330.92,332.4,331.775636
2020-01-17,333.2,333.65,332.54,333.5,333.232185
2020-01-21,332.38,333.65,332.313,332.78,332.877741
2020-01-22,333.75,334.44,332.68,332.85,333.684061
2020-01-23,332.1,333.41,330.875,333.26,332.326188
2020-01-24,333.91,334.005,328.838,330.23,331.141487
2020-01-27,324.45,326.56,324.09,324.87,325.582892
2020-01-28,326.53,329.3,326.0,328.33,328.348459
2020-01-29,329.87,330.08,327.9179,328.1,329.150803
2020-01-30,325.82,329.36,324.96,329.09,326.832574
2020-01-31,328.45,328.618,322.18,323.24,324.335656
2020-02-03,324.81,327.6193,324.73,325.56,326.149536
2020-02-04,329.56,331.49,329.22,330.61,330.619312
2020-02-05,333.78,334.58,332.198,334.29,333.538621
2020-02-06,335.57,335.68,334.29,335.57,335.203877
2020-02-07,334.33,335.13,333.121,333.75,334.13592
2020-02-10,332.71,336.24,332.71,336.22,334.968459
2020-02-11,337.71,338.54,336.2593,336.84,337.369496
2020-02-12,338.39,339.19,337.98,339.0,338.690495
2020-02-13,337.46,339.68,337.1,338.58,338.639462
2020-02-14,339.0,339.26,337.745,339.07,338.740079
2020-02-18,338.05,338.7,336.75,338.26,337.969701
2020-02-19,339.33,340.6312,339.02,339.88,340.038365
2020-02-20,339.33,340.199,335.23,338.49,337.940166
2020-02-21,337.0,337.32,334.1,335.01,335.293468
2020-02-24,324.61,327.28,322.7,323.83,324.956019
2020-02-25,325.38,326.06,313.0822,314.12,317.766275
2020-02-26,315.53,319.5,312.07,312.91,315.578362
2020-02-27,306.72,311.03,298.71,298.71,305.159928
2020-02-28,290.04,297.96,286.705,295.91,291.931416
2020-03-02,299.34,310.5,295.65,310.4,302.534818
2020-03-03,310.76,315.148,298.88,301.5,306.128229
2020-03-04,307.45,314.75,304.715,314.75,310.824695
2020-03-05,306.32,309.81,301.31,303.76,304.498751
2020-03-06,294.49,300.04,291.4226,298.7,295.743545
2020-03-09,277.2,285.2899,274.58,274.8,278.821359
2020-03-10,285.71,289.74,274.61,289.55,282.610587
2020-03-11,281.86,283.03,271.99,275.47,277.730046
2020-03-12,256.88,267.78,248.56,248.96,254.688326
2020-03-13,264.74,272.07,250.52,271.55,258.85112
2020-03-16,242.47,257.82,235.0,240.12,246.668573
2020-03-17,245.8,257.0,237.82,255.39,249.984884
2020-03-18,237.22,246.89,228.78,241.17,237.067142
2020-03-19,239.32,248.25,232.94,242.06,242.71197
2020-03-20,244.85,246.702,230.7,231.16,237.991664
2020-03-23,230.23,231.46,220.2756,224.65,225.436844
2020-03-24,236.99,246.35,235.97,245.88,241.648913
2020-03-25,245.57,257.2,240.49,247.47,250.454103
2020-03-26,250.3299,263.63,249.9,262.37,258.472781
2020-03-27,254.0,261.63,251.78,254.24,255.658013
2020-03-30,256.53,263.2,254.37,262.36,260.343634
2020-03-31,261.4,264.1,257.0,258.4,259.991408
2020-04-01,248.76,252.22,244.62,246.8,248.190639
2020-04-02,245.92,253.47,245.44,252.59,249.874792
2020-04-03,251.49,254.05,246.0,249.02,249.078153
2020-04-06,258.63,267.81,257.54,265.8,263.531506
2020-04-07,275.07,276.0,265.7,265.91,271.254408
2020-04-08,268.75,276.25,266.405,275.0,272.694638
2020-04-09,278.65,282.0747,276.35,279.12,279.500797
2020-04-13,278.0,278.305,272.2857,276.44,274.918939
2020-04-14,281.87,285.8,280.8,284.83,283.89044
2020-04-15,278.44,280.465,276.31,278.57,278.307637
2020-04-16,280.02,280.9,276.622,280.05,278.996986
2020-04-17,286.29,288.22,283.31,287.58,285.582608
2020-04-20,283.51,287.2099,282.26,282.46,284.799299
2020-04-21,277.61,278.91,272.92,273.86,275.112497
2020-04-22,279.19,281.93,277.8,280.06,279.960635
2020-04-23,281.35,284.81,279.67,279.98,281.833661
2020-04-24,281.6,284.58,279.39,283.9,281.875956
2020-04-27,286.03,289.2,285.55,288.19,287.803508
2020-04-28,291.99,292.36,286.35,286.64,288.72189
2020-04-29,292.5,295.84,291.38,294.13,294.010853
2020-04-30,292.66,293.18,289.54,291.16,291.385314
2020-05-01,286.19,286.93,282.44,283.53,284.032115
2020-05-04,281.55,284.86,280.1,284.63,282.589738
2020-05-05,287.53,290.2,286.67,287.14,288.847722
2020-05-06,289.02,289.39,285.06,285.25,287.251669
2020-05-07,288.7,290.7,288.09,288.63,289.143981
2020-05-08,292.0554,293.87,290.805,293.46,292.594032
2020-05-11,291.21,294.99,290.87,293.45,293.37167
2020-05-12,294.73,295.17,287.46,287.47,291.946274
2020-05-13,286.96,288.1199,279.87,282.54,283.179489
2020-05-14,279.84,286.02,275.0,285.92,281.620828
2020-05-15,283.34,287.23,282.25,287.16,285.313468
2020-05-18,294.09,297.7,293.69,296.04,295.857031
2020-05-19,295.34,297.17,292.92,292.99,295.701086
2020-05-20,296.81,298.87,296.6,297.99,297.771353
2020-05-21,297.79,298.66,294.69,295.81,296.428583
2020-05-22,295.52,296.616,294.21,296.41,295.488208
2020-05-26,302.99,303.2,299.71,300.17,301.550962
2020-05-27,303.16,304.61,297.9068,304.55,301.655798
2020-05-28,305.82,307.91,303.3,303.95,305.826531
2020-05-29,303.47,305.99,300.58,305.18,304.05609
2020-06-01,304.64,307.25,304.1,306.68,306.23287
2020-06-02,307.65,309.23,306.17,309.23,307.807908
2020-06-03,311.33,314.32,311.02,313.39,312.718998
2020-06-04,312.18,314.12,310.17,312.34,312.394231
2020-06-05,318.38,322.45,318.32,320.48,320.052348
2020-06-08,321.23,324.55,320.81,324.4,322.465393
2020-06-09,321.47,323.54,320.5216,322.01,322.070695
2020-06-10,322.6,323.56,319.4,320.11,321.393319
2020-06-11,312.57,313.1,301.08,301.59,305.925813
2020-06-12,309.29,310.14,299.62,305.36,305.000362
2020-06-15,297.79,308.05,296.49,306.89,303.330817
2020-06-16,315.39,315.5,307.51,312.79,313.013463
2020-06-17,313.9379,314.2,310.69,311.38,312.625619
2020-06-18,309.82,312.13,309.36,311.62,311.034056
2020-06-19,315.33,315.6,308.38,309.72,311.382874
2020-06-22,309.17,312.24,307.95,311.94,311.075197
2020-06-23,314.7,315.75,312.865,313.21,314.458383
2020-06-24,311.04,311.73,303.36,305.3,306.191684
2020-06-25,304.66,308.83,302.44,308.5,306.075487
2020-06-26,307.35,307.56,300.62,301.14,302.846475
2020-06-29,302.56,305.66,300.11,305.66,303.768967
2020-06-30,305.18,311.409,305.05,309.69,308.728285
2020-07-01,310.74,313.09,310.25,311.81,311.826029
2020-07-02,315.49,316.91,312.72,313.45,314.473473
2020-07-06,317.67,318.65,316.8,318.26,317.659416
2020-07-07,316.59,318.75,314.6,314.98,317.083443
2020-07-08,315.83,317.54,313.94,317.33,316.523482
2020-07-09,318.21,318.33,311.89,315.72,315.083525
2020-07-10,315.48,319.14,314.0,318.9,317.309353
2020-07-13,321.35,323.9699,315.38,316.07,319.802374
2020-07-14,314.52,320.59,313.24,320.17,317.473873
2020-07-15,323.69,324.32,320.53,323.16,322.750434
2020-07-16,321.05,322.5,320.35,322.04,321.352699
2020-07-17,323.15,323.85,321.01,322.99,322.775005
2020-07-20,322.69,326.36,321.901,325.66,324.572657
2020-07-21,327.75,328.22,325.26,326.25,327.214562
2020-07-22,325.91,330.06,325.79,328.17,327.043754
2020-07-23,327.72,328.52,322.75,324.2,325.603033
2020-07-24,322.2,323.27,320.55,322.13,321.991291
2020-07-27,322.89,324.69,322.0595,324.5,323.923467
2020-07-28,323.67,324.93,322.14,322.5,323.648977
2020-07-29,323.41,327.015,323.36,326.38,325.384966
2020-07-30,323.19,325.71,320.9,325.26,324.165687
2020-07-31,327.21,327.89,322.63,327.82,325.396423
2020-08-03,329.66,330.93,329.0639,330.11,330.185505
2020-08-04,329.19,331.4,329.19,331.3,330.473836
2020-08-05,332.83,333.7,332.52,333.45,333.244145
2020-08-06,332.85,335.81,332.48,335.71,334.620459
2020-08-07,334.6,336.18,333.6507,335.95,335.07421
2020-08-10,336.42,337.15,334.33,336.96,336.442804
2020-08-11,338.24,338.88,333.38,334.14,337.028408
2020-08-12,336.85,339.6403,336.8,338.8,338.628562
2020-08-13,338.0,339.615,337.18,338.22,338.742229
2020-08-14,337.7601,338.79,337.05,338.19,338.035505
2020-08-17,339.32,339.72,338.87,339.28,339.299301
2020-08-18,339.72,340.46,337.98,340.0,339.789368
2020-08-19,340.4,340.999,338.02,338.62,340.084758
2020-08-20,336.73,340.1505,336.59,339.66,338.9841
2020-08-21,339.23,341.05,338.95,340.85,340.133659
2020-08-24,343.52,344.42,342.45,344.35,343.321989
2020-08-25,344.96,345.6,343.711,345.49,344.764578
2020-08-26,346.11,349.27,345.58,349.0,347.837048
2020-08-27,349.66,351.32,347.98,349.76,350.154688
2020-08-28,350.89,352.19,349.66,352.0,351.088094
2020-08-31,351.81,352.77,350.51,350.77,351.662419
2020-09-01,351.68,354.18,350.7,354.06,352.555451
2020-09-02,356.18,360.26,354.93,359.24,357.427067
2020-09-03,357.38,357.8759,344.02,346.82,348.690312
2020-09-04,347.6,349.29,336.26,343.98,342.013213
2020-09-08,338.05,339.4,334.23,334.63,336.689402
2020-09-09,338.98,343.89,337.98,341.18,341.16796
2020-09-10,343.26,343.91,334.21,335.22,338.711808
2020-09-11,337.12,338.27,332.35,335.38,335.362983
2020-09-14,338.86,341.66,338.32,339.84,340.269454
2020-09-15,342.52,343.42,340.4102,341.57,342.278383
2020-09-16,342.95,344.47,339.95,340.21,342.411352
2020-09-17,334.94,339.01,334.341,337.29,336.374136
2020-09-18,338.17,338.21,330.64,333.34,334.240559
2020-09-21,328.42,329.74,324.35,329.63,326.964945
2020-09-22,331.2297,333.57,328.5,332.97,331.177828
2020-09-23,332.09,332.38,323.22,323.75,327.764574
2020-09-24,322.3177,327.9,320.92,324.6,324.658129
2020-09-25,323.74,330.71,322.75,329.88,326.103136
2020-09-28,334.36,336.1,333.31,335.36,335.079029
2020-09-29,335.21,335.895,332.78,333.51,334.210064
2020-09-30,334.34,339.4688,334.1,336.06,336.693668
2020-10-01,338.83,339.87,336.18,338.24,338.025989
2020-10-02,332.82,337.09,332.385,335.05,335.559217
2020-10-05,337.21,341.12,337.2,340.9,339.704974
2020-10-06,341.13,343.35,335.56,336.06,339.316668
2020-10-07,339.28,342.8,339.28,341.9,341.347404
2020-10-08,344.07,345.03,343.06,344.98,344.298934
2020-10-09,346.79,348.54,346.09,348.01,347.612426
2020-10-12,350.78,355.25,350.28,353.69,353.456753
2020-10-13,353.51,353.6,350.33,351.39,352.212149
2020-10-14,351.95,353.085,348.37,349.19,350.39528
2020-10-15,344.92,349.24,344.31,348.76,347.074045
2020-10-16,350.27,351.97,348.34,348.45,349.934385
2020-10-19,349.88,350.52,342.2987,343.22,346.0427
2020-10-20,344.67,348.1,343.89,344.57,345.724892
2020-10-21,344.52,346.79,343.63,343.9,344.785079
2020-10-22,344.2,346.45,341.88,345.86,344.769809
2020-10-23,347.164,347.19,344.36,346.96,346.028011
2020-10-26,343.32,344.19,336.81,340.59,339.994943
2020-10-27,340.9267,341.3,339.16,339.43,340.237574
2020-10-28,333.24,334.0,327.3,327.88,330.209789
2020-10-29,328.1,334.54,326.26,331.15,331.11968
2020-10-30,329.42,330.82,323.72,327.62,326.399302
2020-11-02,331.38,333.5271,328.38,331.36,330.815162
2020-11-03,334.86,339.43,334.35,337.28,337.78829
2020-11-04,342.07,349.19,340.74,344.73,345.774623
2020-11-05,350.54,353.445,350.1254,351.47,351.975502
2020-11-06,351.17,352.76,348.95,351.44,351.186124
2020-11-09,365.29,365.69,355.34,355.83,361.628437
2020-11-10,354.77,356.42,351.8682,355.37,354.934243
2020-11-11,357.66,358.86,356.4275,357.93,357.755999
2020-11-12,356.85,357.69,352.54,354.52,355.183817
2020-11-13,356.52,360.188,355.99,359.34,358.145789
2020-11-16,362.34,363.87,360.93,363.8,362.62701
2020-11-17,361.27,363.24,359.69,361.95,361.826362
2020-11-18,362.21,362.82,357.53,357.59,361.505342
2020-11-19,356.845,359.5,355.49,359.04,357.744969
2020-11-20,358.79,359.04,356.53,356.63,357.829309
2020-11-23,358.65,360.05,356.17,358.77,358.416409
2020-11-24,361.52,365.1,360.5973,364.51,363.554428
2020-11-25,364.4,364.48,362.8,363.99,363.781177
2020-11-27,365.19,365.52,363.97,364.98,364.912766
2020-11-30,364.18,364.39,360.5,363.32,362.820331
2020-12-01,366.9,368.99,366.27,367.32,367.854281
2020-12-02,366.16,368.27,365.55,368.1,367.270072
2020-12-03,368.0199,369.5299,366.88,368.03,368.518508
2020-12-04,368.68,371.2,368.6194,371.19,370.407763
2020-12-07,370.43,370.99,369.12,370.5,370.231753
2020-12-08,369.07,372.16,369.06,371.53,370.984728
2020-12-09,372.28,372.42,367.325,368.28,369.676811
2020-12-10,366.75,369.214,365.811,368.08,368.186234
2020-12-11,366.27,367.93,364.615,367.62,366.618442
2020-12-14,368.44,369.57,364.21,364.35,366.562477
2020-12-15,367.14,369.35,365.69,369.31,368.470525
2020-12-16,369.62,370.91,368.625,369.9,369.916006
2020-12-17,371.69,372.195,369.8745,371.96,371.645282
2020-12-18,372.36,372.48,368.36,370.49,370.075351
2020-12-21,366.3,370.14,363.38,369.27,367.030236
2020-12-22,369.49,369.67,367.42,368.56,368.832456
2020-12-23,369.6301,370.955,368.7,368.88,370.155122
2020-12-24,369.42,370.36,368.8098,370.31,369.73169
2020-12-28,373.15,373.94,372.44,373.53,373.426083
2020-12-29,375.15,375.4,372.2,372.81,373.338289
2020-12-30,373.74,374.4309,372.95,373.3,373.638126
2020-12-31,373.2,376.04,372.6,375.39,374.085859
2021-01-04,376.69,376.82,366.16,370.22,370.558888
2021-01-05,369.44,373.83,369.44,372.67,371.967261
2021-01-06,371.02,378.37,370.46,374.92,375.798757
2021-01-07,377.4711,381.26,377.28,380.47,379.915053
2021-01-08,382.01,382.86,378.49,382.64,381.359206
2021-01-11,379.23,381.92,379.125,380.14,380.430881
2021-01-12,380.2,381.23,377.77,380.2,380.056171
2021-01-13,380.12,382.24,379.24,381.16,381.189129
2021-01-14,381.96,382.53,379.43,379.84,381.190151
2021-01-15,378.09,378.92,375.082,377.1,377.622726
2021-01-19,379.73,380.61,378.15,380.05,379.836899
2021-01-20,382.52,386.19,382.11,385.28,384.897719
2021-01-21,385.89,386.3781,384.67,385.62,385.662052
2021-01-22,383.73,385.5,383.255,384.31,384.457036
2021-01-25,385.12,386.18,379.88,385.84,384.314957
2021-01-26,386.81,387.2,385.0,385.27,385.828374
2021-01-27,381.63,381.7,373.43,375.87,377.782775
2021-01-28,377.76,383.34,377.3,379.05,381.441761
2021-01-29,377.06,378.01,369.65,371.52,373.294324
2021-02-01,375.17,378.7499,372.7,377.6,376.217294
2021-02-02,381.03,384.64,380.97,382.96,383.592094
2021-02-03,383.87,385.11,381.91,383.26,383.632144
2021-02-04,384.42,387.64,384.2,387.6,386.348365
2021-02-05,389.69,389.89,387.95,389.12,389.07754
2021-02-08,390.74,392.05,389.86,392.05,390.941381
2021-02-09,391.11,392.35,386.33,391.72,391.697623
2021-02-10,393.6001,393.73,388.99,391.56,391.866326
2021-02-11,392.77,393.15,389.585,392.22,391.789297
2021-02-12,391.3,394.38,391.24,394.18,392.79893
2021-02-16,395.49,395.65,393.027,393.87,394.4712
2021-02-17,391.9,394.09,390.8,393.92,392.771473
2021-02-18,391.02,392.9884,389.21,392.25,391.185916
2021-02-19,393.59,393.83,391.03,391.51,392.363351
2021-02-22,388.5,391.08,388.22,388.53,389.187261
2021-02-23,386.09,390.38,381.62,388.94,386.863448
2021-02-24,387.72,393.67,386.74,393.21,391.592412
2021-02-25,391.86,393.33,382.19,383.78,387.080413
2021-02-26,385.79,387.02,379.61,381.77,383.854581
2021-03-01,387.18,392.3833,387.01,391.03,390.582055
2021-03-02,391.31,391.51,387.77,388.02,389.470662
2021-03-03,387.27,388.25,382.73,382.84,385.563986
2021-03-04,382.62,385.42,373.26,378.1,379.095412
2021-03-05,381.87,386.21,374.02,385.07,380.485796
2021-03-08,386.08,389.13,382.83,383.19,386.424444
2021-03-09,387.3,391.37,386.79,388.59,389.720764
2021-03-10,391.17,392.87,389.64,390.97,391.362178
2021-03-11,393.728,397.14,393.2312,394.99,395.55823
2021-03-12,393.57,395.72,392.67,395.61,394.250365
2021-03-15,395.84,398.22,393.55,398.01,396.021134
2021-03-16,398.61,399.36,396.5823,397.45,398.163184
2021-03-17,396.04,399.65,394.81,398.75,396.970157
2021-03-18,395.99,398.24,392.25,392.93,395.226685
2021-03-19,392.68,394.33,389.92,392.2,392.643309
2021-03-22,392.82,396.86,392.76,395.3,395.237461
2021-03-23,394.69,396.24,391.41,392.22,394.202786
2021-03-24,393.77,395.54,390.21,390.21,393.131144
2021-03-25,387.41,392.0,385.34,391.12,388.554629
2021-03-26,392.38,397.89,391.758,397.45,393.85331
2021-03-29,395.86,398.2,394.27,397.25,396.542255
2021-03-30,395.91,396.9,394.5,396.27,395.79749
2021-03-31,396.8,399.48,396.79,397.82,398.408049
2021-04-01,399.88,402.2,399.66,402.08,401.237335
2021-04-05,404.99,408.48,404.91,407.85,407.465981
2021-04-06,407.31,408.75,406.94,407.6,407.966395
2021-04-07,407.43,408.48,406.99,408.11,407.880963
2021-04-08,409.47,410.11,408.47,410.01,409.619086
2021-04-09,409.94,413.2,409.8,412.98,411.3338
2021-04-12,412.36,413.34,411.76,412.52,412.6055
